school,sex,age,address,famsize,Pstatus,Medu,Fedu,Mjob,Fjob,reason,guardian,traveltime,studytime,failures,schoolsup,famsup,paid,activities,nursery,higher,internet,romantic,famrel,freetime,goout,Dalc,Walc,health,absences,G1,G2,G3,school_C,sex_C,age_C,address_C,famsize_C,Pstatus_C,Medu_C,Fedu_C,Mjob_C,Fjob_C,reason_C,guardian_C,traveltime_C,studytime_C,failures_C,schoolsup_C,famsup_C,paid_C,activities_C,nursery_C,higher_C,internet_C,romantic_C,famrel_C,freetime_C,goout_C,Dalc_C,Walc_C,health_C,absences_C,G1_C,G2_C,G3_C,rank
GP,F,18,U,GT3,A,4,4,at_home,teacher,course,mother,2,2,0,yes,no,no,no,yes,yes,no,no,4,3,4,1,1,3,6,5,6,6,0,1,0,0,1,1,4,4,3,0,2,0,2,2,0,0,1,1,1,0,0,1,1,4,3,4,1,1,3,0,0,0,0,335.0
GP,F,17,U,GT3,T,1,1,at_home,other,course,father,1,2,0,no,yes,no,no,no,yes,yes,no,5,3,3,1,1,3,4,5,5,6,0,1,0,0,1,0,1,1,3,4,2,1,1,2,0,1,0,1,1,1,0,0,1,5,3,3,1,1,3,0,0,0,0,336.0
GP,F,15,U,LE3,T,1,1,at_home,other,other,mother,1,2,3,yes,no,yes,no,yes,yes,yes,no,4,3,2,2,3,3,10,7,8,10,0,1,0,0,0,0,1,1,3,4,3,0,1,2,3,0,1,0,1,0,0,0,1,4,3,2,2,3,3,0,0,0,1,210.0
GP,F,15,U,GT3,T,4,2,health,services,home,mother,1,3,0,no,yes,yes,yes,yes,yes,yes,yes,3,2,2,1,1,5,2,15,14,15,0,1,0,0,1,0,4,2,1,2,0,0,1,3,0,1,0,0,0,0,0,0,0,3,2,2,1,1,5,0,1,1,1,41.0
GP,F,16,U,GT3,T,3,3,other,other,home,father,1,2,0,no,yes,yes,no,yes,yes,no,no,4,3,2,1,2,5,4,6,10,10,0,1,0,0,1,0,3,3,4,4,0,1,1,2,0,1,0,0,1,0,0,1,1,4,3,2,1,2,5,0,0,1,1,211.0
GP,M,16,U,LE3,T,4,3,services,other,reputation,mother,1,2,0,no,yes,yes,yes,yes,yes,yes,no,5,4,2,1,2,5,10,15,15,15,0,0,0,0,0,0,4,3,2,4,1,0,1,2,0,1,0,0,0,0,0,0,1,5,4,2,1,2,5,0,1,1,1,42.0
GP,M,16,U,LE3,T,2,2,other,other,home,mother,1,2,0,no,no,no,no,yes,yes,yes,no,4,4,4,1,1,3,0,12,12,11,0,0,0,0,0,0,2,2,4,4,0,0,1,2,0,1,1,1,1,0,0,0,1,4,4,4,1,1,3,0,1,1,1,163.0
GP,F,17,U,GT3,A,4,4,other,teacher,home,mother,2,2,0,yes,yes,no,no,yes,yes,no,no,4,1,4,1,1,1,6,6,5,6,0,1,0,0,1,1,4,4,4,0,0,0,2,2,0,0,0,1,1,0,0,1,1,4,1,4,1,1,1,0,0,0,0,337.0
GP,M,15,U,LE3,A,3,2,services,other,home,mother,1,2,0,no,yes,yes,no,yes,yes,yes,no,4,2,2,1,1,1,0,16,18,19,0,0,0,0,0,1,3,2,2,4,0,0,1,2,0,1,0,0,1,0,0,0,1,4,2,2,1,1,1,0,1,1,1,2.0
GP,M,15,U,GT3,T,3,4,other,other,home,mother,1,2,0,no,yes,yes,yes,yes,yes,yes,no,5,5,1,1,1,5,0,14,15,15,0,0,0,0,1,0,3,4,4,4,0,0,1,2,0,1,0,0,0,0,0,0,1,5,5,1,1,1,5,0,1,1,1,43.0
GP,F,15,U,GT3,T,4,4,teacher,health,reputation,mother,1,2,0,no,yes,yes,no,yes,yes,yes,no,3,3,3,1,2,2,0,10,8,9,0,1,0,0,1,0,4,4,0,1,1,0,1,2,0,1,0,0,1,0,0,0,1,3,3,3,1,2,2,0,1,0,0,266.0
GP,F,15,U,GT3,T,2,1,services,other,reputation,father,3,3,0,no,yes,no,yes,yes,yes,yes,no,5,2,2,1,1,4,4,10,12,12,0,1,0,0,1,0,2,1,2,4,1,1,3,3,0,1,0,1,0,0,0,0,1,5,2,2,1,1,4,0,1,1,1,132.0
GP,M,15,U,LE3,T,4,4,health,services,course,father,1,1,0,no,yes,yes,yes,yes,yes,yes,no,4,3,3,1,3,5,2,14,14,14,0,0,0,0,0,0,4,4,1,2,2,1,1,1,0,1,0,0,0,0,0,0,1,4,3,3,1,3,5,0,1,1,1,74.0
GP,M,15,U,GT3,T,4,3,teacher,other,course,mother,2,2,0,no,yes,yes,no,yes,yes,yes,no,5,4,3,1,2,3,2,10,10,11,0,0,0,0,1,0,4,3,0,4,2,0,2,2,0,1,0,0,1,0,0,0,1,5,4,3,1,2,3,0,1,1,1,164.0
GP,M,15,U,GT3,A,2,2,other,other,home,other,1,3,0,no,yes,no,no,yes,yes,yes,yes,4,5,2,1,1,3,0,14,16,16,0,0,0,0,1,1,2,2,4,4,0,2,1,3,0,1,0,1,1,0,0,0,0,4,5,2,1,1,3,0,1,1,1,25.0
GP,F,16,U,GT3,T,4,4,health,other,home,mother,1,1,0,no,yes,no,no,yes,yes,yes,no,4,4,4,1,2,2,4,14,14,14,0,1,0,0,1,0,4,4,1,4,0,0,1,1,0,1,0,1,1,0,0,0,1,4,4,4,1,2,2,0,1,1,1,75.0
GP,F,16,U,GT3,T,4,4,services,services,reputation,mother,1,3,0,no,yes,yes,yes,yes,yes,yes,no,3,2,3,1,2,2,6,13,14,14,0,1,0,0,1,0,4,4,2,2,1,0,1,3,0,1,0,0,0,0,0,0,1,3,2,3,1,2,2,0,1,1,1,76.0
GP,F,16,U,GT3,T,3,3,other,other,reputation,mother,3,2,0,yes,yes,no,yes,yes,yes,no,no,5,3,2,1,1,4,4,8,10,10,0,1,0,0,1,0,3,3,4,4,1,0,3,2,0,0,0,1,0,0,0,1,1,5,3,2,1,1,4,0,0,1,1,212.0
GP,M,17,U,GT3,T,3,2,services,services,course,mother,1,1,3,no,yes,no,yes,yes,yes,yes,no,5,5,5,2,4,5,16,6,5,5,0,0,0,0,1,0,3,2,2,2,2,0,1,1,3,1,0,1,0,0,0,0,1,5,5,5,2,4,5,0,0,0,0,350.0
GP,M,16,U,LE3,T,4,3,health,other,home,father,1,1,0,no,no,yes,yes,yes,yes,yes,no,3,1,3,1,3,5,4,8,10,10,0,0,0,0,0,0,4,3,1,4,0,1,1,1,0,1,1,0,0,0,0,0,1,3,1,3,1,3,5,0,0,1,1,213.0
GP,M,15,U,GT3,T,4,3,teacher,other,reputation,mother,1,2,0,no,no,no,no,yes,yes,yes,no,4,4,1,1,1,1,0,13,14,15,0,0,0,0,1,0,4,3,0,4,1,0,1,2,0,1,1,1,1,0,0,0,1,4,4,1,1,1,1,0,1,1,1,44.0
GP,M,15,U,GT3,T,4,4,health,health,other,father,1,1,0,no,yes,yes,no,yes,yes,yes,no,5,4,2,1,1,5,0,12,15,15,0,0,0,0,1,0,4,4,1,1,3,1,1,1,0,1,0,0,1,0,0,0,1,5,4,2,1,1,5,0,1,1,1,45.0
GP,M,16,U,LE3,T,4,2,teacher,other,course,mother,1,2,0,no,no,no,yes,yes,yes,yes,no,4,5,1,1,3,5,2,15,15,16,0,0,0,0,0,0,4,2,0,4,2,0,1,2,0,1,1,1,0,0,0,0,1,4,5,1,1,3,5,0,1,1,1,26.0
GP,M,16,U,LE3,T,2,2,other,other,reputation,mother,2,2,0,no,yes,no,yes,yes,yes,yes,no,5,4,4,2,4,5,0,13,13,12,0,0,0,0,0,0,2,2,4,4,1,0,2,2,0,1,0,1,0,0,0,0,1,5,4,4,2,4,5,0,1,1,1,133.0
GP,F,15,R,GT3,T,2,4,services,health,course,mother,1,3,0,yes,yes,yes,yes,yes,yes,yes,no,4,3,2,1,1,5,2,10,9,8,0,1,0,1,1,0,2,4,2,1,2,0,1,3,0,0,0,0,0,0,0,0,1,4,3,2,1,1,5,0,1,0,0,294.0
GP,F,16,U,GT3,T,2,2,services,services,home,mother,1,1,2,no,yes,yes,no,no,yes,yes,no,1,2,2,1,3,5,14,6,9,8,0,1,0,0,1,0,2,2,2,2,0,0,1,1,2,1,0,0,1,1,0,0,1,1,2,2,1,3,5,0,0,0,0,295.0
GP,M,15,U,GT3,T,2,2,other,other,home,mother,1,1,0,no,yes,yes,no,yes,yes,yes,no,4,2,2,1,2,5,2,12,12,11,0,0,0,0,1,0,2,2,4,4,0,0,1,1,0,1,0,0,1,0,0,0,1,4,2,2,1,2,5,0,1,1,1,165.0
GP,M,15,U,GT3,T,4,2,health,services,other,mother,1,1,0,no,no,yes,no,yes,yes,yes,no,2,2,4,2,4,1,4,15,16,15,0,0,0,0,1,0,4,2,1,2,3,0,1,1,0,1,1,0,1,0,0,0,1,2,2,4,2,4,1,0,1,1,1,46.0
GP,M,16,U,LE3,A,3,4,services,other,home,mother,1,2,0,yes,yes,no,yes,yes,yes,yes,no,5,3,3,1,1,5,4,11,11,11,0,0,0,0,0,1,3,4,2,4,0,0,1,2,0,0,0,1,0,0,0,0,1,5,3,3,1,1,5,0,1,1,1,166.0
GP,M,16,U,GT3,T,4,4,teacher,teacher,home,mother,1,2,0,no,yes,yes,yes,yes,yes,yes,yes,4,4,5,5,5,5,16,10,12,11,0,0,0,0,1,0,4,4,0,0,0,0,1,2,0,1,0,0,0,0,0,0,0,4,4,5,5,5,5,0,1,1,1,167.0
GP,M,15,U,GT3,T,4,4,health,services,home,mother,1,2,0,no,yes,yes,no,no,yes,yes,no,5,4,2,3,4,5,0,9,11,12,0,0,0,0,1,0,4,4,1,2,0,0,1,2,0,1,0,0,1,1,0,0,1,5,4,2,3,4,5,0,0,1,1,134.0
GP,M,15,U,GT3,T,4,4,services,services,reputation,mother,2,2,0,no,yes,no,yes,yes,yes,yes,no,4,3,1,1,1,5,0,17,16,17,0,0,0,0,1,0,4,4,2,2,1,0,2,2,0,1,0,1,0,0,0,0,1,4,3,1,1,1,5,0,1,1,1,19.0
GP,M,15,R,GT3,T,4,3,teacher,at_home,course,mother,1,2,0,no,yes,no,yes,yes,yes,yes,yes,4,5,2,1,1,5,0,17,16,16,0,0,0,1,1,0,4,3,0,3,2,0,1,2,0,1,0,1,0,0,0,0,0,4,5,2,1,1,5,0,1,1,1,27.0
GP,M,15,U,LE3,T,3,3,other,other,course,mother,1,2,0,no,no,no,yes,no,yes,yes,no,5,3,2,1,1,2,0,8,10,12,0,0,0,0,0,0,3,3,4,4,2,0,1,2,0,1,1,1,0,1,0,0,1,5,3,2,1,1,2,0,0,1,1,135.0
GP,M,16,U,GT3,T,3,2,other,other,home,mother,1,1,0,no,yes,yes,no,no,yes,yes,no,5,4,3,1,1,5,0,12,14,15,0,0,0,0,1,0,3,2,4,4,0,0,1,1,0,1,0,0,1,1,0,0,1,5,4,3,1,1,5,0,1,1,1,47.0
GP,F,15,U,GT3,T,2,3,other,other,other,father,2,1,0,no,yes,no,yes,yes,yes,no,no,3,5,1,1,1,5,0,8,7,6,0,1,0,0,1,0,2,3,4,4,3,1,2,1,0,1,0,1,0,0,0,1,1,3,5,1,1,1,5,0,0,0,0,338.0
GP,M,15,U,LE3,T,4,3,teacher,services,home,mother,1,3,0,no,yes,no,yes,yes,yes,yes,no,5,4,3,1,1,4,2,15,16,18,0,0,0,0,0,0,4,3,0,2,0,0,1,3,0,1,0,1,0,0,0,0,1,5,4,3,1,1,4,0,1,1,1,7.0
GP,M,16,R,GT3,A,4,4,other,teacher,reputation,mother,2,3,0,no,yes,no,yes,yes,yes,yes,yes,2,4,3,1,1,5,7,15,16,15,0,0,0,1,1,1,4,4,4,0,1,0,2,3,0,1,0,1,0,0,0,0,0,2,4,3,1,1,5,0,1,1,1,48.0
GP,F,15,R,GT3,T,3,4,services,health,course,mother,1,3,0,yes,yes,yes,yes,yes,yes,yes,no,4,3,2,1,1,5,2,12,12,11,0,1,0,1,1,0,3,4,2,1,2,0,1,3,0,0,0,0,0,0,0,0,1,4,3,2,1,1,5,0,1,1,1,168.0
GP,F,15,R,GT3,T,2,2,at_home,other,reputation,mother,1,1,0,yes,yes,yes,yes,yes,yes,no,no,4,3,1,1,1,2,8,14,13,13,0,1,0,1,1,0,2,2,3,4,1,0,1,1,0,0,0,0,0,0,0,1,1,4,3,1,1,1,2,0,1,1,1,101.0
GP,F,16,U,LE3,T,2,2,other,other,home,mother,2,2,1,no,yes,no,yes,no,yes,yes,yes,3,3,3,1,2,3,25,7,10,11,0,1,0,0,0,0,2,2,4,4,0,0,2,2,1,1,0,1,0,1,0,0,0,3,3,3,1,2,3,0,0,1,1,169.0
GP,M,15,U,LE3,T,4,4,teacher,other,home,other,1,1,0,no,yes,no,no,no,yes,yes,yes,5,4,3,2,4,5,8,12,12,12,0,0,0,0,0,0,4,4,0,4,0,2,1,1,0,1,0,1,1,1,0,0,0,5,4,3,2,4,5,0,1,1,1,136.0
GP,M,15,U,GT3,T,4,4,services,teacher,course,father,1,2,0,no,yes,no,yes,yes,yes,yes,no,4,3,3,1,1,5,2,19,18,18,0,0,0,0,1,0,4,4,2,0,2,1,1,2,0,1,0,1,0,0,0,0,1,4,3,3,1,1,5,0,1,1,1,8.0
GP,M,15,U,GT3,T,2,2,services,services,course,father,1,1,0,yes,yes,no,no,yes,yes,yes,no,5,4,1,1,1,1,0,8,8,11,0,0,0,0,1,0,2,2,2,2,2,1,1,1,0,0,0,1,1,0,0,0,1,5,4,1,1,1,1,0,0,0,1,170.0
GP,F,16,U,LE3,T,2,2,other,at_home,course,father,2,2,1,yes,no,no,yes,yes,yes,yes,no,4,3,3,2,2,5,14,10,10,9,0,1,0,0,0,0,2,2,4,3,2,1,2,2,1,0,1,1,0,0,0,0,1,4,3,3,2,2,5,0,1,1,0,267.0
GP,F,15,U,LE3,A,4,3,other,other,course,mother,1,2,0,yes,yes,yes,yes,yes,yes,yes,yes,5,2,2,1,1,5,8,8,8,6,0,1,0,0,0,1,4,3,4,4,2,0,1,2,0,0,0,0,0,0,0,0,0,5,2,2,1,1,5,0,0,0,0,339.0
GP,F,16,U,LE3,A,3,3,other,services,home,mother,1,2,0,no,yes,no,no,yes,yes,yes,no,2,3,5,1,4,3,12,11,12,11,0,1,0,0,0,1,3,3,4,2,0,0,1,2,0,1,0,1,1,0,0,0,1,2,3,5,1,4,3,0,1,1,1,171.0
GP,M,16,U,GT3,T,4,3,health,services,reputation,mother,1,4,0,no,no,no,yes,yes,yes,yes,no,4,2,2,1,1,2,4,19,19,20,0,0,0,0,1,0,4,3,1,2,1,0,1,4,0,1,1,1,0,0,0,0,1,4,2,2,1,1,2,0,1,1,1,1.0
GP,M,15,U,GT3,T,4,2,teacher,other,home,mother,1,2,0,no,yes,yes,no,yes,yes,no,no,4,3,3,2,2,5,2,15,15,14,0,0,0,0,1,0,4,2,0,4,0,0,1,2,0,1,0,0,1,0,0,1,1,4,3,3,2,2,5,0,1,1,1,77.0
GP,F,15,U,GT3,T,4,4,services,teacher,other,father,1,2,1,yes,yes,no,yes,no,yes,yes,no,4,4,4,1,1,3,2,7,7,7,0,1,0,0,1,0,4,4,2,0,3,1,1,2,1,0,0,1,0,1,0,0,1,4,4,4,1,1,3,0,0,0,0,326.0
GP,F,16,U,LE3,T,2,2,services,services,course,mother,3,2,0,no,yes,yes,no,yes,yes,yes,no,4,3,3,2,3,4,2,12,13,13,0,1,0,0,0,0,2,2,2,2,2,0,3,2,0,1,0,0,1,0,0,0,1,4,3,3,2,3,4,0,1,1,1,102.0
GP,F,15,U,LE3,T,4,2,health,other,other,mother,1,2,0,no,yes,yes,no,yes,yes,yes,no,4,3,3,1,1,5,2,11,13,13,0,1,0,0,0,0,4,2,1,4,3,0,1,2,0,1,0,0,1,0,0,0,1,4,3,3,1,1,5,0,1,1,1,103.0
GP,M,15,U,LE3,A,4,2,health,health,other,father,2,1,1,no,no,no,no,yes,yes,no,no,5,5,5,3,4,5,6,11,11,10,0,0,0,0,0,1,4,2,1,1,3,1,2,1,1,1,1,1,1,0,0,1,1,5,5,5,3,4,5,0,1,1,1,214.0
GP,F,15,U,GT3,T,4,4,services,services,course,mother,1,1,0,yes,yes,yes,no,yes,yes,yes,no,3,3,4,2,3,5,0,8,10,11,0,1,0,0,1,0,4,4,2,2,2,0,1,1,0,0,0,0,1,0,0,0,1,3,3,4,2,3,5,0,0,1,1,172.0
GP,F,15,U,LE3,A,3,3,other,other,other,mother,1,1,0,no,no,yes,no,yes,yes,yes,no,5,3,4,4,4,1,6,10,13,13,0,1,0,0,0,1,3,3,4,4,3,0,1,1,0,1,1,0,1,0,0,0,1,5,3,4,4,4,1,0,1,1,1,104.0
GP,F,16,U,GT3,A,2,1,other,other,other,mother,1,2,0,no,no,yes,yes,yes,yes,yes,yes,5,3,4,1,1,2,8,8,9,10,0,1,0,0,1,1,2,1,4,4,3,0,1,2,0,1,1,0,0,0,0,0,0,5,3,4,1,1,2,0,0,0,1,215.0
GP,F,15,U,GT3,A,4,3,services,services,reputation,mother,1,2,0,no,yes,yes,yes,yes,yes,yes,no,4,3,2,1,1,1,0,14,15,15,0,1,0,0,1,1,4,3,2,2,1,0,1,2,0,1,0,0,0,0,0,0,1,4,3,2,1,1,1,0,1,1,1,49.0
GP,M,15,U,GT3,T,4,4,teacher,health,reputation,mother,1,2,0,no,yes,no,yes,yes,yes,no,no,3,2,2,1,1,5,4,14,15,15,0,0,0,0,1,0,4,4,0,1,1,0,1,2,0,1,0,1,0,0,0,1,1,3,2,2,1,1,5,0,1,1,1,50.0
GP,M,15,U,LE3,T,1,2,other,at_home,home,father,1,2,0,yes,yes,no,yes,yes,yes,yes,no,4,3,2,1,1,5,2,9,10,9,0,0,0,0,0,0,1,2,4,3,0,1,1,2,0,0,0,1,0,0,0,0,1,4,3,2,1,1,5,0,0,1,0,268.0
GP,F,16,U,GT3,T,4,2,services,other,course,mother,1,2,0,no,yes,no,no,yes,yes,yes,no,4,2,3,1,1,5,2,15,16,16,0,1,0,0,1,0,4,2,2,4,2,0,1,2,0,1,0,1,1,0,0,0,1,4,2,3,1,1,5,0,1,1,1,28.0
GP,F,16,R,GT3,T,4,4,health,teacher,other,mother,1,2,0,no,yes,no,yes,yes,yes,no,no,2,4,4,2,3,4,6,10,11,11,0,1,0,1,1,0,4,4,1,0,3,0,1,2,0,1,0,1,0,0,0,1,1,2,4,4,2,3,4,0,1,1,1,173.0
GP,F,16,U,GT3,T,1,1,services,services,course,father,4,1,0,yes,yes,no,yes,no,yes,yes,yes,5,5,5,5,5,5,6,10,8,11,0,1,0,0,1,0,1,1,2,2,2,1,4,1,0,0,0,1,0,1,0,0,0,5,5,5,5,5,5,0,1,0,1,174.0
GP,F,16,U,LE3,T,1,2,other,services,reputation,father,1,2,0,yes,no,no,yes,yes,yes,yes,no,4,4,3,1,1,1,4,8,10,9,0,1,0,0,0,0,1,2,4,2,1,1,1,2,0,0,1,1,0,0,0,0,1,4,4,3,1,1,1,0,0,1,0,269.0
GP,F,16,U,GT3,T,4,3,teacher,health,home,mother,1,3,0,yes,yes,yes,yes,yes,yes,yes,no,3,4,4,2,4,4,2,10,9,9,0,1,0,0,1,0,4,3,0,1,0,0,1,3,0,0,0,0,0,0,0,0,1,3,4,4,2,4,4,0,1,0,0,270.0
GP,F,15,U,LE3,T,4,3,services,services,reputation,father,1,2,0,yes,no,no,yes,yes,yes,yes,yes,4,4,4,2,4,2,0,10,10,10,0,1,0,0,0,0,4,3,2,2,1,1,1,2,0,0,1,1,0,0,0,0,0,4,4,4,2,4,2,0,1,1,1,216.0
GP,F,16,U,LE3,T,4,3,teacher,services,course,mother,3,2,0,no,yes,no,yes,yes,yes,yes,no,5,4,3,1,2,1,2,16,15,15,0,1,0,0,0,0,4,3,0,2,2,0,3,2,0,1,0,1,0,0,0,0,1,5,4,3,1,2,1,0,1,1,1,51.0
GP,M,15,U,GT3,A,4,4,other,services,reputation,mother,1,4,0,no,yes,no,yes,no,yes,yes,yes,1,3,3,5,5,3,4,13,13,12,0,0,0,0,1,1,4,4,4,2,1,0,1,4,0,1,0,1,0,1,0,0,0,1,3,3,5,5,3,0,1,1,1,137.0
GP,F,16,U,GT3,T,3,1,services,other,course,mother,1,4,0,yes,yes,yes,no,yes,yes,yes,no,4,3,3,1,2,5,4,7,7,6,0,1,0,0,1,0,3,1,2,4,2,0,1,4,0,0,0,0,1,0,0,0,1,4,3,3,1,2,5,0,0,0,0,340.0
GP,F,15,R,LE3,T,2,2,health,services,reputation,mother,2,2,0,yes,yes,yes,no,yes,yes,yes,no,4,1,3,1,3,4,2,8,9,8,0,1,0,1,0,0,2,2,1,2,1,0,2,2,0,0,0,0,1,0,0,0,1,4,1,3,1,3,4,0,0,0,0,296.0
GP,F,15,R,LE3,T,3,1,other,other,reputation,father,2,4,0,no,yes,no,no,no,yes,yes,no,4,4,2,2,3,3,12,16,16,16,0,1,0,1,0,0,3,1,4,4,1,1,2,4,0,1,0,1,1,1,0,0,1,4,4,2,2,3,3,0,1,1,1,29.0
GP,M,16,U,GT3,T,3,1,other,other,reputation,father,2,4,0,no,yes,yes,no,yes,yes,yes,no,4,3,2,1,1,5,0,13,15,15,0,0,0,0,1,0,3,1,4,4,1,1,2,4,0,1,0,0,1,0,0,0,1,4,3,2,1,1,5,0,1,1,1,52.0
GP,M,15,U,GT3,T,4,2,other,other,course,mother,1,4,0,no,no,no,no,yes,yes,yes,no,3,3,3,1,1,3,0,10,10,10,0,0,0,0,1,0,4,2,4,4,2,0,1,4,0,1,1,1,1,0,0,0,1,3,3,3,1,1,3,0,1,1,1,217.0
GP,F,15,R,GT3,T,1,1,other,other,reputation,mother,1,2,2,yes,yes,no,no,no,yes,yes,yes,3,3,4,2,4,5,2,8,6,5,0,1,0,1,1,0,1,1,4,4,1,0,1,2,2,0,0,1,1,1,0,0,0,3,3,4,2,4,5,0,0,0,0,351.0
GP,M,16,U,GT3,T,3,1,other,other,reputation,mother,1,1,0,no,no,no,yes,yes,yes,no,no,5,3,2,2,2,5,2,12,12,14,0,0,0,0,1,0,3,1,4,4,1,0,1,1,0,1,1,1,0,0,0,1,1,5,3,2,2,2,5,0,1,1,1,78.0
GP,F,16,U,GT3,T,3,3,other,services,home,mother,1,2,0,yes,yes,yes,yes,yes,yes,yes,no,4,3,3,2,4,5,54,11,12,11,0,1,0,0,1,0,3,3,4,2,0,0,1,2,0,0,0,0,0,0,0,0,1,4,3,3,2,4,5,1,1,1,1,175.0
GP,M,15,U,GT3,T,4,3,teacher,other,home,mother,1,2,0,no,yes,yes,yes,yes,yes,yes,no,4,3,3,2,3,5,6,9,9,10,0,0,0,0,1,0,4,3,0,4,0,0,1,2,0,1,0,0,0,0,0,0,1,4,3,3,2,3,5,0,0,0,1,218.0
GP,M,15,U,GT3,T,4,0,teacher,other,course,mother,2,4,0,no,no,no,yes,yes,yes,yes,no,3,4,3,1,1,1,8,11,11,10,0,0,0,0,1,0,4,0,0,4,2,0,2,4,0,1,1,1,0,0,0,0,1,3,4,3,1,1,1,0,1,1,1,219.0
GP,F,16,U,GT3,T,2,2,other,other,reputation,mother,1,4,0,no,no,yes,no,yes,yes,yes,yes,5,2,3,1,3,3,0,11,11,11,0,1,0,0,1,0,2,2,4,4,1,0,1,4,0,1,1,0,1,0,0,0,0,5,2,3,1,3,3,0,1,1,1,176.0
GP,M,17,U,GT3,T,2,1,other,other,home,mother,2,1,3,yes,yes,no,yes,yes,no,yes,no,4,5,1,1,1,3,2,8,8,10,0,0,0,0,1,0,2,1,4,4,0,0,2,1,3,0,0,1,0,0,1,0,1,4,5,1,1,1,3,0,0,0,1,220.0
GP,F,16,U,GT3,T,3,4,at_home,other,course,mother,1,2,0,no,yes,no,no,yes,yes,yes,no,2,4,3,1,2,3,12,5,5,5,0,1,0,0,1,0,3,4,3,4,2,0,1,2,0,1,0,1,1,0,0,0,1,2,4,3,1,2,3,0,0,0,0,352.0
GP,M,15,U,GT3,T,2,3,other,services,course,father,1,1,0,yes,yes,yes,yes,no,yes,yes,yes,3,2,2,1,3,3,2,10,12,12,0,0,0,0,1,0,2,3,4,2,2,1,1,1,0,0,0,0,0,1,0,0,0,3,2,2,1,3,3,0,1,1,1,138.0
GP,M,15,U,GT3,T,2,3,other,other,home,mother,1,3,0,yes,no,yes,no,no,yes,yes,no,5,3,2,1,2,5,4,11,10,11,0,0,0,0,1,0,2,3,4,4,0,0,1,3,0,0,1,0,1,1,0,0,1,5,3,2,1,2,5,0,1,1,1,177.0
GP,F,15,U,LE3,T,3,2,services,other,reputation,mother,1,2,0,no,yes,yes,no,yes,yes,yes,no,4,4,4,1,1,5,10,7,6,6,0,1,0,0,0,0,3,2,2,4,1,0,1,2,0,1,0,0,1,0,0,0,1,4,4,4,1,1,5,0,0,0,0,341.0
GP,M,15,U,LE3,T,2,2,services,services,home,mother,2,2,0,no,no,yes,yes,yes,yes,yes,no,5,3,3,1,3,4,4,15,15,15,0,0,0,0,0,0,2,2,2,2,0,0,2,2,0,1,1,0,0,0,0,0,1,5,3,3,1,3,4,0,1,1,1,53.0
GP,F,15,U,GT3,T,1,1,other,other,home,father,1,2,0,no,yes,no,yes,no,yes,yes,no,4,3,2,2,3,4,2,9,10,10,0,1,0,0,1,0,1,1,4,4,0,1,1,2,0,1,0,1,0,1,0,0,1,4,3,2,2,3,4,0,0,1,1,221.0
GP,F,15,U,GT3,T,4,4,services,services,reputation,father,2,2,2,no,no,yes,no,yes,yes,yes,yes,4,4,4,2,3,5,6,7,9,8,0,1,0,0,1,0,4,4,2,2,1,1,2,2,2,1,1,0,1,0,0,0,0,4,4,4,2,3,5,0,0,0,0,297.0
GP,F,16,U,LE3,T,2,2,at_home,other,course,mother,1,2,0,no,yes,no,no,yes,yes,no,no,4,3,4,1,2,2,4,8,7,6,0,1,0,0,0,0,2,2,3,4,2,0,1,2,0,1,0,1,1,0,0,1,1,4,3,4,1,2,2,0,0,0,0,342.0
GP,F,15,U,GT3,T,4,2,other,other,reputation,mother,1,3,0,no,yes,no,yes,yes,yes,yes,no,5,3,3,1,3,1,4,13,14,14,0,1,0,0,1,0,4,2,4,4,1,0,1,3,0,1,0,1,0,0,0,0,1,5,3,3,1,3,1,0,1,1,1,79.0
GP,M,16,U,GT3,T,2,2,services,other,reputation,father,2,2,1,no,no,yes,yes,no,yes,yes,no,4,4,2,1,1,3,12,11,10,10,0,0,0,0,1,0,2,2,2,4,1,1,2,2,1,1,1,0,0,1,0,0,1,4,4,2,1,1,3,0,1,1,1,222.0
GP,M,16,U,LE3,A,4,4,teacher,health,reputation,mother,1,2,0,no,yes,no,no,yes,yes,no,no,4,1,3,3,5,5,18,8,6,7,0,0,0,0,0,1,4,4,0,1,1,0,1,2,0,1,0,1,1,0,0,1,1,4,1,3,3,5,5,0,0,0,0,327.0
GP,F,16,U,GT3,T,3,3,other,other,home,mother,1,3,0,no,yes,yes,no,yes,yes,yes,yes,4,3,3,1,3,4,0,7,7,8,0,1,0,0,1,0,3,3,4,4,0,0,1,3,0,1,0,0,1,0,0,0,0,4,3,3,1,3,4,0,0,0,0,298.0
GP,F,15,U,GT3,T,4,3,services,other,reputation,mother,1,1,0,no,no,yes,yes,yes,yes,yes,no,4,5,5,1,3,1,4,16,17,18,0,1,0,0,1,0,4,3,2,4,1,0,1,1,0,1,1,0,0,0,0,0,1,4,5,5,1,3,1,0,1,1,1,9.0
GP,F,16,U,LE3,T,3,1,other,other,home,father,1,2,0,yes,yes,no,no,yes,yes,no,no,3,3,3,2,3,2,4,7,6,6,0,1,0,0,0,0,3,1,4,4,0,1,1,2,0,0,0,1,1,0,0,1,1,3,3,3,2,3,2,0,0,0,0,343.0
GP,F,16,U,GT3,T,4,2,teacher,services,home,mother,2,2,0,no,yes,yes,yes,yes,yes,yes,no,5,3,3,1,1,1,0,11,10,10,0,1,0,0,1,0,4,2,0,2,0,0,2,2,0,1,0,0,0,0,0,0,1,5,3,3,1,1,1,0,1,1,1,223.0
GP,M,15,U,LE3,T,2,2,services,health,reputation,mother,1,4,0,no,yes,no,yes,yes,yes,yes,no,4,3,4,1,1,4,6,11,13,14,0,0,0,0,0,0,2,2,2,1,1,0,1,4,0,1,0,1,0,0,0,0,1,4,3,4,1,1,4,0,1,1,1,80.0
GP,F,15,R,GT3,T,1,1,at_home,other,home,mother,2,4,1,yes,yes,yes,yes,yes,yes,yes,no,3,1,2,1,1,1,2,7,10,10,0,1,0,1,1,0,1,1,3,4,0,0,2,4,1,0,0,0,0,0,0,0,1,3,1,2,1,1,1,0,0,1,1,224.0
GP,M,16,R,GT3,T,4,3,services,other,reputation,mother,2,1,0,yes,yes,no,yes,no,yes,yes,no,3,3,3,1,1,4,2,11,15,15,0,0,0,1,1,0,4,3,2,4,1,0,2,1,0,0,0,1,0,1,0,0,1,3,3,3,1,1,4,0,1,1,1,54.0
GP,F,16,U,GT3,T,2,1,other,other,course,mother,1,2,0,no,yes,yes,no,yes,yes,no,yes,4,3,5,1,1,5,2,8,9,10,0,1,0,0,1,0,2,1,4,4,2,0,1,2,0,1,0,0,1,0,0,1,0,4,3,5,1,1,5,0,0,0,1,225.0
GP,F,16,U,GT3,T,4,4,other,other,reputation,mother,1,1,0,no,no,no,yes,no,yes,yes,no,5,3,4,1,2,1,6,11,14,14,0,1,0,0,1,0,4,4,4,4,1,0,1,1,0,1,1,1,0,1,0,0,1,5,3,4,1,2,1,0,1,1,1,81.0
GP,F,16,U,GT3,T,4,3,other,at_home,course,mother,1,3,0,yes,yes,yes,no,yes,yes,yes,no,5,3,5,1,1,3,0,7,9,8,0,1,0,0,1,0,4,3,4,3,2,0,1,3,0,0,0,0,1,0,0,0,1,5,3,5,1,1,3,0,0,0,0,299.0
GP,M,16,U,GT3,T,4,4,services,services,other,mother,1,1,0,yes,yes,yes,yes,yes,yes,yes,no,4,5,5,5,5,4,14,7,7,5,0,0,0,0,1,0,4,4,2,2,3,0,1,1,0,0,0,0,0,0,0,0,1,4,5,5,5,5,4,0,0,0,0,353.0
GP,M,16,U,GT3,T,4,4,services,teacher,other,father,1,3,0,no,yes,no,yes,yes,yes,yes,yes,4,4,3,1,1,4,0,16,17,17,0,0,0,0,1,0,4,4,2,0,3,1,1,3,0,1,0,1,0,0,0,0,0,4,4,3,1,1,4,0,1,1,1,20.0
GP,M,15,U,GT3,T,4,4,services,other,course,mother,1,1,0,no,yes,no,yes,no,yes,yes,no,5,3,3,1,1,5,4,10,13,14,0,0,0,0,1,0,4,4,2,4,2,0,1,1,0,1,0,1,0,1,0,0,1,5,3,3,1,1,5,0,1,1,1,82.0
GP,F,15,U,GT3,T,3,2,services,other,home,mother,2,2,0,yes,yes,yes,no,yes,yes,yes,no,4,3,5,1,1,2,26,7,6,6,0,1,0,0,1,0,3,2,2,4,0,0,2,2,0,0,0,0,1,0,0,0,1,4,3,5,1,1,2,0,0,0,0,344.0
GP,M,15,U,GT3,A,3,4,services,other,course,mother,1,2,0,no,yes,yes,yes,yes,yes,yes,no,5,4,4,1,1,1,0,16,18,18,0,0,0,0,1,1,3,4,2,4,2,0,1,2,0,1,0,0,0,0,0,0,1,5,4,4,1,1,1,0,1,1,1,10.0
GP,F,15,U,GT3,A,3,3,other,health,reputation,father,1,4,0,yes,no,no,no,yes,yes,no,no,4,3,3,1,1,4,10,10,11,11,0,1,0,0,1,1,3,3,4,1,1,1,1,4,0,0,1,1,1,0,0,1,1,4,3,3,1,1,4,0,1,1,1,178.0
GP,F,15,U,GT3,T,2,2,other,other,course,mother,1,4,0,yes,yes,yes,no,yes,yes,yes,no,5,1,2,1,1,3,8,7,8,8,0,1,0,0,1,0,2,2,4,4,2,0,1,4,0,0,0,0,1,0,0,0,1,5,1,2,1,1,3,0,0,0,0,300.0
GP,M,16,U,GT3,T,3,3,services,other,home,father,1,3,0,no,yes,no,yes,yes,yes,yes,no,5,3,3,1,1,5,2,16,18,18,0,0,0,0,1,0,3,3,2,4,0,1,1,3,0,1,0,1,0,0,0,0,1,5,3,3,1,1,5,0,1,1,1,11.0
GP,M,15,R,GT3,T,4,4,other,other,home,father,4,4,0,no,yes,yes,yes,yes,yes,yes,yes,1,3,5,3,5,1,6,10,13,13,0,0,0,1,1,0,4,4,4,4,0,1,4,4,0,1,0,0,0,0,0,0,0,1,3,5,3,5,1,0,1,1,1,105.0
GP,F,16,U,LE3,T,4,4,health,health,other,mother,1,3,0,no,yes,yes,yes,yes,yes,yes,yes,5,4,5,1,1,4,4,14,15,16,0,1,0,0,0,0,4,4,1,1,3,0,1,3,0,1,0,0,0,0,0,0,0,5,4,5,1,1,4,0,1,1,1,30.0
GP,M,15,U,LE3,A,4,4,teacher,teacher,course,mother,1,1,0,no,no,no,yes,yes,yes,yes,no,5,5,3,1,1,4,6,18,19,19,0,0,0,0,0,1,4,4,0,0,2,0,1,1,0,1,1,1,0,0,0,0,1,5,5,3,1,1,4,0,1,1,1,3.0
GP,F,16,R,GT3,T,3,3,services,other,reputation,father,1,3,1,yes,yes,no,yes,yes,yes,yes,no,4,1,2,1,1,2,0,7,10,10,0,1,0,1,1,0,3,3,2,4,1,1,1,3,1,0,0,1,0,0,0,0,1,4,1,2,1,1,2,0,0,1,1,226.0
GP,F,16,U,GT3,T,2,2,at_home,other,home,mother,1,2,1,yes,no,no,yes,yes,yes,yes,no,3,1,2,1,1,5,6,10,13,13,0,1,0,0,1,0,2,2,3,4,0,0,1,2,1,0,1,1,0,0,0,0,1,3,1,2,1,1,5,0,1,1,1,106.0
GP,M,15,U,LE3,T,4,2,teacher,other,course,mother,1,1,0,no,no,no,no,yes,yes,yes,no,3,5,2,1,1,3,10,18,19,19,0,0,0,0,0,0,4,2,0,4,2,0,1,1,0,1,1,1,1,0,0,0,1,3,5,2,1,1,3,0,1,1,1,4.0
GP,M,15,R,GT3,T,2,1,health,services,reputation,mother,1,2,0,no,no,no,yes,yes,yes,yes,yes,5,4,2,1,1,5,8,9,9,9,0,0,0,1,1,0,2,1,1,2,1,0,1,2,0,1,1,1,0,0,0,0,0,5,4,2,1,1,5,0,0,0,0,271.0
GP,M,16,U,GT3,T,4,4,teacher,teacher,course,father,1,2,0,no,yes,no,yes,yes,yes,yes,no,5,4,4,1,2,5,2,15,15,16,0,0,0,0,1,0,4,4,0,0,2,1,1,2,0,1,0,1,0,0,0,0,1,5,4,4,1,2,5,0,1,1,1,31.0
GP,M,15,U,GT3,T,4,4,other,teacher,reputation,father,2,2,0,no,yes,no,yes,yes,yes,no,no,4,4,3,1,1,2,2,11,13,14,0,0,0,0,1,0,4,4,4,0,1,1,2,2,0,1,0,1,0,0,0,1,1,4,4,3,1,1,2,0,1,1,1,83.0
GP,M,16,U,GT3,T,3,3,other,services,home,father,2,1,0,no,no,no,yes,yes,yes,yes,no,5,4,2,1,1,5,0,13,14,13,0,0,0,0,1,0,3,3,4,2,0,1,2,1,0,1,1,1,0,0,0,0,1,5,4,2,1,1,5,0,1,1,1,107.0
GP,M,17,R,GT3,T,1,3,other,other,course,father,3,2,1,no,yes,no,yes,yes,yes,yes,no,5,2,4,1,4,5,20,9,7,8,0,0,0,1,1,0,1,3,4,4,2,1,3,2,1,1,0,1,0,0,0,0,1,5,2,4,1,4,5,0,0,0,0,301.0
GP,M,15,U,GT3,T,3,4,other,other,reputation,father,1,1,0,no,no,no,no,yes,yes,yes,no,3,4,3,1,2,4,6,14,13,13,0,0,0,0,1,0,3,4,4,4,1,1,1,1,0,1,1,1,1,0,0,0,1,3,4,3,1,2,4,0,1,1,1,108.0
GP,F,15,U,GT3,T,1,2,at_home,services,course,mother,1,2,0,no,no,no,no,no,yes,yes,no,3,2,3,1,2,1,2,16,15,15,0,1,0,0,1,0,1,2,3,2,2,0,1,2,0,1,1,1,1,1,0,0,1,3,2,3,1,2,1,0,1,1,1,55.0
GP,M,15,U,GT3,T,2,2,services,services,home,father,1,4,0,no,yes,yes,yes,yes,yes,yes,no,5,5,4,1,2,5,6,16,14,15,0,0,0,0,1,0,2,2,2,2,0,1,1,4,0,1,0,0,0,0,0,0,1,5,5,4,1,2,5,0,1,1,1,56.0
GP,F,16,U,LE3,T,2,4,other,health,course,father,2,2,0,no,yes,yes,yes,yes,yes,yes,yes,4,2,2,1,2,5,2,13,13,13,0,1,0,0,0,0,2,4,4,1,2,1,2,2,0,1,0,0,0,0,0,0,0,4,2,2,1,2,5,0,1,1,1,109.0
GP,M,16,U,GT3,T,4,4,health,other,course,mother,1,1,0,no,yes,no,yes,yes,yes,yes,no,3,4,4,1,4,5,18,14,11,13,0,0,0,0,1,0,4,4,1,4,2,0,1,1,0,1,0,1,0,0,0,0,1,3,4,4,1,4,5,0,1,1,1,110.0
GP,F,16,U,GT3,T,2,2,other,other,home,mother,1,2,0,no,no,yes,no,yes,yes,yes,yes,5,4,4,1,1,5,0,8,7,8,0,1,0,0,1,0,2,2,4,4,0,0,1,2,0,1,1,0,1,0,0,0,0,5,4,4,1,1,5,0,0,0,0,302.0
GP,M,15,U,GT3,T,3,4,services,services,home,father,1,1,0,yes,no,no,no,yes,yes,yes,no,5,5,5,3,2,5,0,13,13,12,0,0,0,0,1,0,3,4,2,2,0,1,1,1,0,0,1,1,1,0,0,0,1,5,5,5,3,2,5,0,1,1,1,139.0
GP,F,15,U,LE3,A,3,4,other,other,home,mother,1,2,0,yes,no,no,yes,yes,yes,yes,yes,5,3,2,1,1,1,0,7,10,11,0,1,0,0,0,1,3,4,4,4,0,0,1,2,0,0,1,1,0,0,0,0,0,5,3,2,1,1,1,0,0,1,1,179.0
GP,F,19,U,GT3,T,0,1,at_home,other,course,other,1,2,3,no,yes,no,no,no,no,no,no,3,4,2,1,1,5,2,7,8,9,0,1,1,0,1,0,0,1,3,4,2,2,1,2,3,1,0,1,1,1,1,1,1,3,4,2,1,1,5,0,0,0,0,272.0
GP,M,18,R,GT3,T,2,2,services,other,reputation,mother,1,1,2,no,yes,no,yes,yes,yes,yes,no,3,3,3,1,2,4,0,7,4,0,0,0,0,1,1,0,2,2,2,4,1,0,1,1,2,1,0,1,0,0,0,0,1,3,3,3,1,2,4,0,0,0,0,358.0
GP,M,16,R,GT3,T,4,4,teacher,teacher,course,mother,1,1,0,no,no,yes,yes,yes,yes,yes,no,3,5,5,2,5,4,8,18,18,18,0,0,0,1,1,0,4,4,0,0,2,0,1,1,0,1,1,0,0,0,0,0,1,3,5,5,2,5,4,0,1,1,1,12.0
GP,F,15,R,GT3,T,3,4,services,teacher,course,father,2,3,2,no,yes,no,no,yes,yes,yes,yes,4,2,2,2,2,5,0,12,0,0,0,1,0,1,1,0,3,4,2,0,2,1,2,3,2,1,0,1,1,0,0,0,0,4,2,2,2,2,5,0,1,0,0,359.0
GP,F,15,U,GT3,T,1,1,at_home,other,course,mother,3,1,0,no,yes,no,yes,no,yes,yes,yes,4,3,3,1,2,4,0,8,0,0,0,1,0,0,1,0,1,1,3,4,2,0,3,1,0,1,0,1,0,1,0,0,0,4,3,3,1,2,4,0,0,0,0,360.0
GP,F,17,U,LE3,T,2,2,other,other,course,father,1,1,0,no,yes,no,no,yes,yes,yes,yes,3,4,4,1,3,5,12,10,13,12,0,1,0,0,0,0,2,2,4,4,2,1,1,1,0,1,0,1,1,0,0,0,0,3,4,4,1,3,5,0,1,1,1,140.0
GP,F,16,U,GT3,A,3,4,services,other,course,father,1,1,0,no,no,no,no,yes,yes,yes,no,3,2,1,1,4,5,16,12,11,11,0,1,0,0,1,1,3,4,2,4,2,1,1,1,0,1,1,1,1,0,0,0,1,3,2,1,1,4,5,0,1,1,1,180.0
GP,M,15,R,GT3,T,3,4,at_home,teacher,course,mother,4,2,0,no,yes,no,no,yes,yes,no,yes,5,3,3,1,1,5,0,9,0,0,0,0,0,1,1,0,3,4,3,0,2,0,4,2,0,1,0,1,1,0,0,1,0,5,3,3,1,1,5,0,0,0,0,361.0
GP,F,15,U,GT3,T,4,4,services,at_home,course,mother,1,3,0,no,yes,no,yes,yes,yes,yes,yes,4,3,3,1,1,5,0,11,0,0,0,1,0,0,1,0,4,4,2,3,2,0,1,3,0,1,0,1,0,0,0,0,0,4,3,3,1,1,5,0,1,0,0,362.0
GP,M,17,R,GT3,T,3,4,at_home,other,course,mother,3,2,0,no,no,no,no,yes,yes,no,no,5,4,5,2,4,5,0,10,0,0,0,0,0,1,1,0,3,4,3,4,2,0,3,2,0,1,1,1,1,0,0,1,1,5,4,5,2,4,5,0,1,0,0,363.0
GP,F,16,U,GT3,A,3,3,other,other,course,other,2,1,2,no,yes,no,yes,no,yes,yes,yes,4,3,2,1,1,5,0,4,0,0,0,1,0,0,1,1,3,3,4,4,2,2,2,1,2,1,0,1,0,1,0,0,0,4,3,2,1,1,5,0,0,0,0,364.0
GP,M,16,U,LE3,T,1,1,services,other,course,mother,1,2,1,no,no,no,no,yes,yes,no,yes,4,4,4,1,3,5,0,14,12,12,0,0,0,0,0,0,1,1,2,4,2,0,1,2,1,1,1,1,1,0,0,1,0,4,4,4,1,3,5,0,1,1,1,141.0
GP,F,15,U,GT3,T,4,4,teacher,teacher,course,mother,2,1,0,no,no,no,yes,yes,yes,yes,no,4,3,2,1,1,5,0,16,16,15,0,1,0,0,1,0,4,4,0,0,2,0,2,1,0,1,1,1,0,0,0,0,1,4,3,2,1,1,5,0,1,1,1,57.0
GP,M,15,U,GT3,T,4,3,teacher,services,course,father,2,4,0,yes,yes,no,no,yes,yes,yes,no,2,2,2,1,1,3,0,7,9,0,0,0,0,0,1,0,4,3,0,2,2,1,2,4,0,0,0,1,1,0,0,0,1,2,2,2,1,1,3,0,0,0,0,365.0
GP,M,16,U,LE3,T,2,2,services,services,reputation,father,2,1,2,no,yes,no,yes,yes,yes,yes,no,2,3,3,2,2,2,8,9,9,9,0,0,0,0,0,0,2,2,2,2,1,1,2,1,2,1,0,1,0,0,0,0,1,2,3,3,2,2,2,0,0,0,0,273.0
GP,F,15,U,GT3,T,4,4,teacher,services,course,mother,1,3,0,no,yes,yes,yes,yes,yes,yes,no,4,2,2,1,1,5,2,9,11,11,0,1,0,0,1,0,4,4,0,2,2,0,1,3,0,1,0,0,0,0,0,0,1,4,2,2,1,1,5,0,0,1,1,181.0
GP,F,16,U,LE3,T,1,1,at_home,at_home,course,mother,1,1,0,no,no,no,no,yes,yes,yes,no,3,4,4,3,3,1,2,14,14,13,0,1,0,0,0,0,1,1,3,3,2,0,1,1,0,1,1,1,1,0,0,0,1,3,4,4,3,3,1,0,1,1,1,111.0
GP,M,17,U,GT3,T,2,1,other,other,home,mother,1,1,3,no,yes,no,no,yes,yes,yes,no,5,4,5,1,2,5,0,5,0,0,0,0,0,0,1,0,2,1,4,4,0,0,1,1,3,1,0,1,1,0,0,0,1,5,4,5,1,2,5,0,0,0,0,366.0
GP,F,15,U,GT3,T,1,1,other,services,course,father,1,2,0,no,yes,yes,no,yes,yes,yes,no,4,4,2,1,2,5,0,8,11,11,0,1,0,0,1,0,1,1,4,2,2,1,1,2,0,1,0,0,1,0,0,0,1,4,4,2,1,2,5,0,0,1,1,182.0
GP,F,15,U,GT3,T,3,2,health,services,home,father,1,2,3,no,yes,no,no,yes,yes,yes,no,3,3,2,1,1,3,0,6,7,0,0,1,0,0,1,0,3,2,1,2,0,1,1,2,3,1,0,1,1,0,0,0,1,3,3,2,1,1,3,0,0,0,0,367.0
GP,F,15,U,GT3,T,1,2,at_home,other,course,mother,1,2,0,no,yes,yes,no,no,yes,yes,no,4,3,2,1,1,5,2,10,11,11,0,1,0,0,1,0,1,2,3,4,2,0,1,2,0,1,0,0,1,1,0,0,1,4,3,2,1,1,5,0,1,1,1,183.0
GP,M,16,U,GT3,T,4,4,teacher,teacher,course,mother,1,1,0,no,yes,no,no,yes,no,yes,yes,3,3,2,2,1,5,0,7,6,0,0,0,0,0,1,0,4,4,0,0,2,0,1,1,0,1,0,1,1,0,1,0,0,3,3,2,2,1,5,0,0,0,0,368.0
GP,M,15,U,LE3,A,2,1,services,other,course,mother,4,1,3,no,no,no,no,yes,yes,yes,no,4,5,5,2,5,5,0,8,9,10,0,0,0,0,0,1,2,1,2,4,2,0,4,1,3,1,1,1,1,0,0,0,1,4,5,5,2,5,5,0,0,0,1,227.0
GP,M,18,U,LE3,T,1,1,other,other,course,mother,1,1,3,no,no,no,no,yes,no,yes,yes,2,3,5,2,5,4,0,6,5,0,0,0,0,0,0,0,1,1,4,4,2,0,1,1,3,1,1,1,1,0,1,0,0,2,3,5,2,5,4,0,0,0,0,369.0
GP,M,16,U,LE3,T,2,1,at_home,other,course,mother,1,1,1,no,no,no,yes,yes,yes,no,yes,4,4,4,3,5,5,6,12,13,14,0,0,0,0,0,0,2,1,3,4,2,0,1,1,1,1,1,1,0,0,0,1,0,4,4,4,3,5,5,0,1,1,1,84.0
GP,F,15,R,GT3,T,3,3,services,services,reputation,other,2,3,2,no,yes,yes,yes,yes,yes,yes,yes,4,2,1,2,3,3,8,10,10,10,0,1,0,1,1,0,3,3,2,2,1,2,2,3,2,1,0,0,0,0,0,0,0,4,2,1,2,3,3,0,1,1,1,228.0
GP,M,19,U,GT3,T,3,2,services,at_home,home,mother,1,1,3,no,yes,no,no,yes,no,yes,yes,4,5,4,1,1,4,0,5,0,0,0,0,1,0,1,0,3,2,2,3,0,0,1,1,3,1,0,1,1,0,1,0,0,4,5,4,1,1,4,0,0,0,0,370.0
GP,F,17,U,GT3,T,4,4,other,teacher,course,mother,1,1,0,yes,yes,no,no,yes,yes,no,yes,4,2,1,1,1,4,0,11,11,12,0,1,0,0,1,0,4,4,4,0,2,0,1,1,0,0,0,1,1,0,0,1,0,4,2,1,1,1,4,0,1,1,1,142.0
GP,M,15,R,GT3,T,2,3,at_home,services,course,mother,1,2,0,yes,no,yes,yes,yes,yes,no,no,4,4,4,1,1,1,2,11,8,8,0,0,0,1,1,0,2,3,3,2,2,0,1,2,0,0,1,0,0,0,0,1,1,4,4,4,1,1,1,0,1,0,0,303.0
GP,M,17,R,LE3,T,1,2,other,other,reputation,mother,1,1,0,no,no,no,no,yes,yes,no,no,2,2,2,3,3,5,8,16,12,13,0,0,0,1,0,0,1,2,4,4,1,0,1,1,0,1,1,1,1,0,0,1,1,2,2,2,3,3,5,0,1,1,1,112.0
GP,F,18,R,GT3,T,1,1,at_home,other,course,mother,3,1,3,no,yes,no,yes,no,yes,no,no,5,2,5,1,5,4,6,9,8,10,0,1,0,1,1,0,1,1,3,4,2,0,3,1,3,1,0,1,0,1,0,1,1,5,2,5,1,5,4,0,0,0,1,229.0
GP,M,16,R,GT3,T,2,2,at_home,other,course,mother,3,1,0,no,no,no,no,no,yes,no,no,4,2,2,1,2,3,2,17,15,15,0,0,0,1,1,0,2,2,3,4,2,0,3,1,0,1,1,1,1,1,0,1,1,4,2,2,1,2,3,0,1,1,1,58.0
GP,M,16,U,GT3,T,3,3,other,services,course,father,1,2,1,no,yes,yes,no,yes,yes,yes,yes,4,5,5,4,4,5,4,10,12,12,0,0,0,0,1,0,3,3,4,2,2,1,1,2,1,1,0,0,1,0,0,0,0,4,5,5,4,4,5,0,1,1,1,143.0
GP,M,17,R,LE3,T,2,1,at_home,other,course,mother,2,1,2,no,no,no,yes,yes,no,yes,yes,3,3,2,2,2,5,0,7,6,0,0,0,0,1,0,0,2,1,3,4,2,0,2,1,2,1,1,1,0,0,1,0,0,3,3,2,2,2,5,0,0,0,0,371.0
GP,M,15,R,GT3,T,3,2,other,other,course,mother,2,2,2,yes,yes,no,no,yes,yes,yes,yes,4,4,4,1,4,3,6,5,9,7,0,0,0,1,1,0,3,2,4,4,2,0,2,2,2,0,0,1,1,0,0,0,0,4,4,4,1,4,3,0,0,0,0,328.0
GP,M,16,U,LE3,T,1,2,other,other,course,mother,2,1,1,no,no,no,yes,yes,yes,no,no,4,4,4,2,4,5,0,7,0,0,0,0,0,0,0,0,1,2,4,4,2,0,2,1,1,1,1,1,0,0,0,1,1,4,4,4,2,4,5,0,0,0,0,372.0
GP,M,17,U,GT3,T,1,3,at_home,services,course,father,1,1,0,no,no,no,no,yes,no,yes,no,5,3,3,1,4,2,2,10,10,10,0,0,0,0,1,0,1,3,3,2,2,1,1,1,0,1,1,1,1,0,1,0,1,5,3,3,1,4,2,0,1,1,1,230.0
GP,M,17,R,LE3,T,1,1,other,services,course,mother,4,2,3,no,no,no,yes,yes,no,no,yes,5,3,5,1,5,5,0,5,8,7,0,0,0,1,0,0,1,1,4,2,2,0,4,2,3,1,1,1,0,0,1,1,0,5,3,5,1,5,5,0,0,0,0,329.0
GP,M,16,U,GT3,T,3,2,services,services,course,mother,2,1,1,no,yes,no,yes,no,no,no,no,4,5,2,1,1,2,16,12,11,12,0,0,0,0,1,0,3,2,2,2,2,0,2,1,1,1,0,1,0,1,1,1,1,4,5,2,1,1,2,0,1,1,1,144.0
GP,M,16,U,GT3,T,2,2,other,other,course,father,1,2,0,no,no,no,no,yes,no,yes,no,4,3,5,2,4,4,4,10,10,10,0,0,0,0,1,0,2,2,4,4,2,1,1,2,0,1,1,1,1,0,1,0,1,4,3,5,2,4,4,0,1,1,1,231.0
GP,F,16,U,GT3,T,4,2,health,services,home,father,1,2,0,no,no,yes,no,yes,yes,yes,yes,4,2,3,1,1,3,0,14,15,16,0,1,0,0,1,0,4,2,1,2,0,1,1,2,0,1,1,0,1,0,0,0,0,4,2,3,1,1,3,0,1,1,1,32.0
GP,F,16,U,GT3,T,2,2,other,other,home,mother,1,2,0,no,yes,yes,no,no,yes,yes,no,5,1,5,1,1,4,0,6,7,0,0,1,0,0,1,0,2,2,4,4,0,0,1,2,0,1,0,0,1,1,0,0,1,5,1,5,1,1,4,0,0,0,0,373.0
GP,F,16,U,GT3,T,4,4,health,health,reputation,mother,1,2,0,no,yes,yes,no,yes,yes,yes,yes,4,4,2,1,1,3,0,14,14,14,0,1,0,0,1,0,4,4,1,1,1,0,1,2,0,1,0,0,1,0,0,0,0,4,4,2,1,1,3,0,1,1,1,85.0
GP,M,16,U,GT3,T,3,4,other,other,course,father,3,1,2,no,yes,no,yes,no,yes,yes,no,3,4,5,2,4,2,0,6,5,0,0,0,0,0,1,0,3,4,4,4,2,1,3,1,2,1,0,1,0,1,0,0,1,3,4,5,2,4,2,0,0,0,0,374.0
GP,M,16,U,GT3,T,1,0,other,other,reputation,mother,2,2,0,no,yes,yes,yes,yes,yes,yes,yes,4,3,2,1,1,3,2,13,15,16,0,0,0,0,1,0,1,0,4,4,1,0,2,2,0,1,0,0,0,0,0,0,0,4,3,2,1,1,3,0,1,1,1,33.0
GP,M,17,U,LE3,T,4,4,teacher,other,reputation,mother,1,2,0,no,yes,yes,yes,yes,yes,yes,no,4,4,4,1,3,5,0,13,11,10,0,0,0,0,0,0,4,4,0,4,1,0,1,2,0,1,0,0,0,0,0,0,1,4,4,4,1,3,5,0,1,1,1,232.0
GP,F,16,U,GT3,T,1,3,at_home,services,home,mother,1,2,3,no,no,no,yes,no,yes,yes,yes,4,3,5,1,1,3,0,8,7,0,0,1,0,0,1,0,1,3,3,2,0,0,1,2,3,1,1,1,0,1,0,0,0,4,3,5,1,1,3,0,0,0,0,375.0
GP,F,16,U,LE3,T,3,3,other,other,reputation,mother,2,2,0,no,yes,yes,yes,yes,yes,yes,no,4,4,5,1,1,4,4,10,11,9,0,1,0,0,0,0,3,3,4,4,1,0,2,2,0,1,0,0,0,0,0,0,1,4,4,5,1,1,4,0,1,1,0,274.0
GP,M,17,U,LE3,T,4,3,teacher,other,course,mother,2,2,0,no,no,yes,yes,yes,yes,yes,no,4,4,4,4,4,4,4,10,9,9,0,0,0,0,0,0,4,3,0,4,2,0,2,2,0,1,1,0,0,0,0,0,1,4,4,4,4,4,4,0,1,0,0,275.0
GP,F,16,U,GT3,T,2,2,services,other,reputation,mother,2,2,0,no,no,yes,yes,no,yes,yes,no,3,4,4,1,4,5,2,13,13,11,0,1,0,0,1,0,2,2,2,4,1,0,2,2,0,1,1,0,0,1,0,0,1,3,4,4,1,4,5,0,1,1,1,184.0
GP,M,17,U,GT3,T,3,3,other,other,reputation,father,1,2,0,no,no,no,yes,no,yes,yes,no,4,3,4,1,4,4,4,6,5,6,0,0,0,0,1,0,3,3,4,4,1,1,1,2,0,1,1,1,0,1,0,0,1,4,3,4,1,4,4,0,0,0,0,345.0
GP,M,16,R,GT3,T,4,2,teacher,services,other,mother,1,1,0,no,yes,no,yes,yes,yes,yes,yes,4,3,3,3,4,3,10,10,8,9,0,0,0,1,1,0,4,2,0,2,3,0,1,1,0,1,0,1,0,0,0,0,0,4,3,3,3,4,3,0,1,0,0,276.0
GP,M,17,U,GT3,T,4,3,other,other,course,mother,1,2,0,no,yes,no,yes,yes,yes,yes,yes,5,2,3,1,1,2,4,10,10,11,0,0,0,0,1,0,4,3,4,4,2,0,1,2,0,1,0,1,0,0,0,0,0,5,2,3,1,1,2,0,1,1,1,185.0
GP,M,16,U,GT3,T,4,3,teacher,other,home,mother,1,2,0,no,yes,yes,yes,yes,yes,yes,no,3,4,3,2,3,3,10,9,8,8,0,0,0,0,1,0,4,3,0,4,0,0,1,2,0,1,0,0,0,0,0,0,1,3,4,3,2,3,3,0,0,0,0,304.0
GP,M,16,U,GT3,T,3,3,services,other,home,mother,1,2,0,no,no,yes,yes,yes,yes,yes,yes,4,2,3,1,2,3,2,12,13,12,0,0,0,0,1,0,3,3,2,4,0,0,1,2,0,1,1,0,0,0,0,0,0,4,2,3,1,2,3,0,1,1,1,145.0
GP,F,17,U,GT3,T,2,4,services,services,reputation,father,1,2,0,no,yes,no,yes,yes,yes,no,no,5,4,2,2,3,5,0,16,17,17,0,1,0,0,1,0,2,4,2,2,1,1,1,2,0,1,0,1,0,0,0,1,1,5,4,2,2,3,5,0,1,1,1,21.0
GP,F,17,U,LE3,T,3,3,other,other,reputation,mother,1,2,0,no,yes,no,yes,yes,yes,yes,yes,5,3,3,2,3,1,56,9,9,8,0,1,0,0,0,0,3,3,4,4,1,0,1,2,0,1,0,1,0,0,0,0,0,5,3,3,2,3,1,1,0,0,0,305.0
GP,F,16,U,GT3,T,3,2,other,other,reputation,mother,1,2,0,no,yes,yes,no,yes,yes,yes,no,1,2,2,1,2,1,14,12,13,12,0,1,0,0,1,0,3,2,4,4,1,0,1,2,0,1,0,0,1,0,0,0,1,1,2,2,1,2,1,0,1,1,1,146.0
GP,M,17,U,GT3,T,3,3,services,services,other,mother,1,2,0,no,yes,no,yes,yes,yes,yes,yes,4,3,4,2,3,4,12,12,12,11,0,0,0,0,1,0,3,3,2,2,3,0,1,2,0,1,0,1,0,0,0,0,0,4,3,4,2,3,4,0,1,1,1,186.0
GP,M,16,U,GT3,T,1,2,services,services,other,mother,1,1,0,no,yes,yes,yes,yes,yes,yes,yes,3,3,3,1,2,3,2,11,12,11,0,0,0,0,1,0,1,2,2,2,3,0,1,1,0,1,0,0,0,0,0,0,0,3,3,3,1,2,3,0,1,1,1,187.0
GP,M,16,U,LE3,T,2,1,other,other,course,mother,1,2,0,no,no,yes,yes,yes,yes,yes,yes,4,2,3,1,2,5,0,15,15,15,0,0,0,0,0,0,2,1,4,4,2,0,1,2,0,1,1,0,0,0,0,0,0,4,2,3,1,2,5,0,1,1,1,59.0
GP,F,17,U,GT3,A,3,3,health,other,reputation,mother,1,2,0,no,yes,no,no,no,yes,yes,yes,3,3,3,1,3,3,6,8,7,9,0,1,0,0,1,1,3,3,1,4,1,0,1,2,0,1,0,1,1,1,0,0,0,3,3,3,1,3,3,0,0,0,0,277.0
GP,M,17,R,GT3,T,1,2,at_home,other,home,mother,1,2,0,no,no,no,no,yes,yes,no,no,3,1,3,1,5,3,4,8,9,10,0,0,0,1,1,0,1,2,3,4,0,0,1,2,0,1,1,1,1,0,0,1,1,3,1,3,1,5,3,0,0,0,1,233.0
GP,F,16,U,GT3,T,2,3,services,services,course,mother,1,2,0,no,no,no,no,yes,yes,yes,no,4,3,3,1,1,2,10,11,12,13,0,1,0,0,1,0,2,3,2,2,2,0,1,2,0,1,1,1,1,0,0,0,1,4,3,3,1,1,2,0,1,1,1,113.0
GP,F,17,U,GT3,T,1,1,at_home,services,course,mother,1,2,0,no,no,no,yes,yes,yes,yes,no,5,3,3,1,1,3,0,8,8,9,0,1,0,0,1,0,1,1,3,2,2,0,1,2,0,1,1,1,0,0,0,0,1,5,3,3,1,1,3,0,0,0,0,278.0
GP,M,17,U,GT3,T,1,2,at_home,services,other,other,2,2,0,no,no,yes,yes,no,yes,yes,no,4,4,4,4,5,5,12,7,8,8,0,0,0,0,1,0,1,2,3,2,3,2,2,2,0,1,1,0,0,1,0,0,1,4,4,4,4,5,5,0,0,0,0,306.0
GP,M,16,R,GT3,T,3,3,services,services,reputation,mother,1,1,0,no,yes,no,yes,yes,yes,yes,no,4,3,2,3,4,5,8,8,9,10,0,0,0,1,1,0,3,3,2,2,1,0,1,1,0,1,0,1,0,0,0,0,1,4,3,2,3,4,5,0,0,0,1,234.0
GP,M,16,U,GT3,T,2,3,other,other,home,father,2,1,0,no,no,no,no,yes,yes,yes,no,5,3,3,1,1,3,0,13,14,14,0,0,0,0,1,0,2,3,4,4,0,1,2,1,0,1,1,1,1,0,0,0,1,5,3,3,1,1,3,0,1,1,1,86.0
GP,F,17,U,LE3,T,2,4,services,services,course,father,1,2,0,no,no,no,yes,yes,yes,yes,yes,4,3,2,1,1,5,0,14,15,15,0,1,0,0,0,0,2,4,2,2,2,1,1,2,0,1,1,1,0,0,0,0,0,4,3,2,1,1,5,0,1,1,1,60.0
GP,M,17,U,GT3,T,4,4,services,teacher,home,mother,1,1,0,no,no,no,no,yes,yes,yes,no,5,2,3,1,2,5,4,17,15,16,0,0,0,0,1,0,4,4,2,0,0,0,1,1,0,1,1,1,1,0,0,0,1,5,2,3,1,2,5,0,1,1,1,34.0
GP,M,16,R,LE3,T,3,3,teacher,other,home,father,3,1,0,no,yes,yes,yes,yes,yes,yes,no,3,3,4,3,5,3,8,9,9,10,0,0,0,1,0,0,3,3,0,4,0,1,3,1,0,1,0,0,0,0,0,0,1,3,3,4,3,5,3,0,0,0,1,235.0
GP,F,17,U,GT3,T,4,4,services,teacher,home,mother,2,1,1,no,yes,no,no,yes,yes,yes,no,4,2,4,2,3,2,24,18,18,18,0,1,0,0,1,0,4,4,2,0,0,0,2,1,1,1,0,1,1,0,0,0,1,4,2,4,2,3,2,0,1,1,1,13.0
GP,F,16,U,LE3,T,4,4,teacher,teacher,reputation,mother,1,2,0,no,yes,yes,no,yes,yes,yes,no,4,5,2,1,2,3,0,9,9,10,0,1,0,0,0,0,4,4,0,0,1,0,1,2,0,1,0,0,1,0,0,0,1,4,5,2,1,2,3,0,0,0,1,236.0
GP,F,16,U,GT3,T,4,3,health,other,home,mother,1,2,0,no,yes,no,yes,yes,yes,yes,no,4,3,5,1,5,2,2,16,16,16,0,1,0,0,1,0,4,3,1,4,0,0,1,2,0,1,0,1,0,0,0,0,1,4,3,5,1,5,2,0,1,1,1,35.0
GP,F,16,U,GT3,T,2,3,other,other,reputation,mother,1,2,0,yes,yes,yes,yes,yes,yes,no,no,4,4,3,1,3,4,6,8,10,10,0,1,0,0,1,0,2,3,4,4,1,0,1,2,0,0,0,0,0,0,0,1,1,4,4,3,1,3,4,0,0,1,1,237.0
GP,F,17,U,GT3,T,1,1,other,other,course,mother,1,2,0,no,yes,yes,no,no,yes,no,no,4,4,4,1,3,1,4,9,9,10,0,1,0,0,1,0,1,1,4,4,2,0,1,2,0,1,0,0,1,1,0,1,1,4,4,4,1,3,1,0,0,0,1,238.0
GP,F,17,R,GT3,T,2,2,other,other,reputation,mother,1,1,0,no,yes,no,no,yes,yes,yes,no,5,3,2,1,2,3,18,7,6,6,0,1,0,1,1,0,2,2,4,4,1,0,1,1,0,1,0,1,1,0,0,0,1,5,3,2,1,2,3,0,0,0,0,346.0
GP,F,16,R,GT3,T,2,2,services,services,reputation,mother,2,4,0,no,yes,yes,yes,no,yes,yes,no,5,3,5,1,1,5,6,10,10,11,0,1,0,1,1,0,2,2,2,2,1,0,2,4,0,1,0,0,0,1,0,0,1,5,3,5,1,1,5,0,1,1,1,188.0
GP,F,17,U,GT3,T,3,4,at_home,services,home,mother,1,3,1,no,yes,yes,no,yes,yes,yes,yes,4,4,3,3,4,5,28,10,9,9,0,1,0,0,1,0,3,4,3,2,0,0,1,3,1,1,0,0,1,0,0,0,0,4,4,3,3,4,5,0,1,0,0,279.0
GP,F,16,U,GT3,A,3,1,services,other,course,mother,1,2,3,no,yes,yes,no,yes,yes,yes,no,2,3,3,2,2,4,5,7,7,7,0,1,0,0,1,1,3,1,2,4,2,0,1,2,3,1,0,0,1,0,0,0,1,2,3,3,2,2,4,0,0,0,0,330.0
GP,F,16,U,GT3,T,4,3,teacher,other,other,mother,1,2,0,no,no,yes,yes,yes,yes,yes,yes,1,3,2,1,1,1,10,11,12,13,0,1,0,0,1,0,4,3,0,4,3,0,1,2,0,1,1,0,0,0,0,0,0,1,3,2,1,1,1,0,1,1,1,114.0
GP,F,16,U,GT3,T,1,1,at_home,other,home,mother,2,1,0,no,yes,yes,no,yes,yes,no,no,4,3,2,1,4,5,6,9,9,10,0,1,0,0,1,0,1,1,3,4,0,0,2,1,0,1,0,0,1,0,0,1,1,4,3,2,1,4,5,0,0,0,1,239.0
GP,F,17,R,GT3,T,4,3,teacher,other,reputation,mother,2,3,0,no,yes,yes,yes,yes,yes,yes,yes,4,4,2,1,1,4,6,7,7,7,0,1,0,1,1,0,4,3,0,4,1,0,2,3,0,1,0,0,0,0,0,0,0,4,4,2,1,1,4,0,0,0,0,331.0
GP,F,19,U,GT3,T,3,3,other,other,reputation,other,1,4,0,no,yes,yes,yes,yes,yes,yes,no,4,3,3,1,2,3,10,8,8,8,0,1,1,0,1,0,3,3,4,4,1,2,1,4,0,1,0,0,0,0,0,0,1,4,3,3,1,2,3,0,0,0,0,307.0
GP,M,17,U,LE3,T,4,4,services,other,home,mother,1,2,0,no,yes,yes,no,yes,yes,yes,yes,5,3,5,4,5,3,13,12,12,13,0,0,0,0,0,0,4,4,2,4,0,0,1,2,0,1,0,0,1,0,0,0,0,5,3,5,4,5,3,0,1,1,1,115.0
GP,F,16,U,GT3,A,2,2,other,other,reputation,mother,1,2,0,yes,yes,yes,no,yes,yes,yes,no,3,3,4,1,1,4,0,12,13,14,0,1,0,0,1,1,2,2,4,4,1,0,1,2,0,0,0,0,1,0,0,0,1,3,3,4,1,1,4,0,1,1,1,87.0
GP,M,18,U,GT3,T,2,2,services,other,home,mother,1,2,1,no,yes,yes,yes,yes,yes,yes,no,4,4,4,2,4,5,15,6,7,8,0,0,0,0,1,0,2,2,2,4,0,0,1,2,1,1,0,0,0,0,0,0,1,4,4,4,2,4,5,0,0,0,0,308.0
GP,F,17,R,LE3,T,4,4,services,other,other,mother,1,1,0,no,yes,yes,no,yes,yes,no,no,5,2,1,1,2,3,12,8,10,10,0,1,0,1,0,0,4,4,2,4,3,0,1,1,0,1,0,0,1,0,0,1,1,5,2,1,1,2,3,0,0,1,1,240.0
GP,F,17,U,LE3,T,3,2,other,other,reputation,mother,2,2,0,no,no,yes,no,yes,yes,yes,no,4,4,4,1,3,1,2,14,15,15,0,1,0,0,0,0,3,2,4,4,1,0,2,2,0,1,1,0,1,0,0,0,1,4,4,4,1,3,1,0,1,1,1,61.0
GP,F,17,U,GT3,T,4,3,other,other,reputation,mother,1,2,2,no,no,yes,no,yes,yes,yes,yes,3,4,5,2,4,1,22,6,6,4,0,1,0,0,1,0,4,3,4,4,1,0,1,2,2,1,1,0,1,0,0,0,0,3,4,5,2,4,1,0,0,0,0,357.0
GP,M,18,U,LE3,T,3,3,services,health,home,father,1,2,1,no,yes,yes,no,yes,yes,yes,no,3,2,4,2,4,4,13,6,6,8,0,0,0,0,0,0,3,3,2,1,0,1,1,2,1,1,0,0,1,0,0,0,1,3,2,4,2,4,4,0,0,0,0,309.0
GP,F,17,U,GT3,T,2,3,at_home,other,home,father,2,1,0,no,yes,yes,no,yes,yes,no,no,3,3,3,1,4,3,3,7,7,8,0,1,0,0,1,0,2,3,3,4,0,1,2,1,0,1,0,0,1,0,0,1,1,3,3,3,1,4,3,0,0,0,0,310.0
GP,F,17,U,GT3,T,2,2,at_home,at_home,course,mother,1,3,0,no,yes,yes,yes,yes,yes,yes,no,4,3,3,1,1,4,4,9,10,10,0,1,0,0,1,0,2,2,3,3,2,0,1,3,0,1,0,0,0,0,0,0,1,4,3,3,1,1,4,0,0,1,1,241.0
GP,F,17,R,GT3,T,2,1,at_home,services,reputation,mother,2,2,0,no,yes,no,yes,yes,yes,yes,no,4,2,5,1,2,5,2,6,6,6,0,1,0,1,1,0,2,1,3,2,1,0,2,2,0,1,0,1,0,0,0,0,1,4,2,5,1,2,5,0,0,0,0,347.0
GP,F,17,U,GT3,T,1,1,at_home,other,reputation,mother,1,3,1,no,yes,no,yes,yes,yes,no,yes,4,3,4,1,1,5,0,6,5,0,0,1,0,0,1,0,1,1,3,4,1,0,1,3,1,1,0,1,0,0,0,1,0,4,3,4,1,1,5,0,0,0,0,376.0
GP,F,16,U,GT3,T,2,3,services,teacher,other,mother,1,2,0,yes,no,no,no,yes,yes,yes,no,2,3,1,1,1,3,2,16,16,17,0,1,0,0,1,0,2,3,2,0,3,0,1,2,0,0,1,1,1,0,0,0,1,2,3,1,1,1,3,0,1,1,1,22.0
GP,M,18,U,GT3,T,2,2,other,other,home,mother,2,2,0,no,yes,yes,no,yes,yes,yes,no,3,3,3,5,5,4,0,12,13,13,0,0,0,0,1,0,2,2,4,4,0,0,2,2,0,1,0,0,1,0,0,0,1,3,3,3,5,5,4,0,1,1,1,116.0
GP,F,16,U,GT3,T,4,4,teacher,services,home,mother,1,3,0,no,yes,no,yes,no,yes,yes,no,5,3,2,1,1,5,0,13,13,14,0,1,0,0,1,0,4,4,0,2,0,0,1,3,0,1,0,1,0,1,0,0,1,5,3,2,1,1,5,0,1,1,1,88.0
GP,F,18,R,GT3,T,3,1,other,other,reputation,mother,1,2,1,no,no,no,yes,yes,yes,yes,yes,5,3,3,1,1,4,16,9,8,7,0,1,0,1,1,0,3,1,4,4,1,0,1,2,1,1,1,1,0,0,0,0,0,5,3,3,1,1,4,0,0,0,0,332.0
GP,F,17,U,GT3,T,3,2,other,other,course,mother,1,2,0,no,no,no,yes,no,yes,yes,no,5,3,4,1,3,3,10,16,15,15,0,1,0,0,1,0,3,2,4,4,2,0,1,2,0,1,1,1,0,1,0,0,1,5,3,4,1,3,3,0,1,1,1,62.0
GP,M,17,U,LE3,T,2,3,services,services,reputation,father,1,2,0,no,yes,yes,no,no,yes,yes,no,5,3,3,1,3,3,2,12,11,12,0,0,0,0,0,0,2,3,2,2,1,1,1,2,0,1,0,0,1,1,0,0,1,5,3,3,1,3,3,0,1,1,1,147.0
GP,M,18,U,LE3,T,2,1,at_home,other,course,mother,4,2,0,yes,yes,yes,yes,yes,yes,yes,yes,4,3,2,4,5,3,14,10,8,9,0,0,0,0,0,0,2,1,3,4,2,0,4,2,0,0,0,0,0,0,0,0,0,4,3,2,4,5,3,0,1,0,0,280.0
GP,F,17,U,GT3,A,2,1,other,other,course,mother,2,3,0,no,no,no,yes,yes,yes,yes,yes,3,2,3,1,2,3,10,12,10,12,0,1,0,0,1,1,2,1,4,4,2,0,2,3,0,1,1,1,0,0,0,0,0,3,2,3,1,2,3,0,1,1,1,148.0
GP,F,17,U,LE3,T,4,3,health,other,reputation,father,1,2,0,no,no,no,yes,yes,yes,yes,yes,3,2,3,1,2,3,14,13,13,14,0,1,0,0,0,0,4,3,1,4,1,1,1,2,0,1,1,1,0,0,0,0,0,3,2,3,1,2,3,0,1,1,1,89.0
GP,M,17,R,GT3,T,2,2,other,other,course,father,2,2,0,no,yes,yes,yes,yes,yes,yes,no,4,5,2,1,1,1,4,11,11,11,0,0,0,1,1,0,2,2,4,4,2,1,2,2,0,1,0,0,0,0,0,0,1,4,5,2,1,1,1,0,1,1,1,189.0
GP,M,17,U,GT3,T,4,4,teacher,teacher,reputation,mother,1,2,0,yes,yes,no,yes,yes,yes,yes,yes,4,5,5,1,3,2,14,11,9,9,0,0,0,0,1,0,4,4,0,0,1,0,1,2,0,0,0,1,0,0,0,0,0,4,5,5,1,3,2,0,1,0,0,281.0
GP,M,16,U,GT3,T,4,4,health,other,reputation,father,1,2,0,no,yes,yes,yes,yes,yes,yes,no,4,2,4,2,4,1,2,14,13,13,0,0,0,0,1,0,4,4,1,4,1,1,1,2,0,1,0,0,0,0,0,0,1,4,2,4,2,4,1,0,1,1,1,117.0
GP,M,16,U,LE3,T,1,1,other,other,home,mother,2,2,0,no,yes,yes,no,yes,yes,yes,no,3,4,2,1,1,5,18,9,7,6,0,0,0,0,0,0,1,1,4,4,0,0,2,2,0,1,0,0,1,0,0,0,1,3,4,2,1,1,5,0,0,0,0,348.0
GP,M,16,U,GT3,T,3,2,at_home,other,reputation,mother,2,3,0,no,no,no,yes,yes,yes,yes,yes,5,3,3,1,3,2,10,11,9,10,0,0,0,0,1,0,3,2,3,4,1,0,2,3,0,1,1,1,0,0,0,0,0,5,3,3,1,3,2,0,1,0,1,242.0
GP,M,17,U,LE3,T,2,2,other,other,home,father,1,2,0,no,no,yes,yes,no,yes,yes,yes,4,4,2,5,5,4,4,14,13,13,0,0,0,0,0,0,2,2,4,4,0,1,1,2,0,1,1,0,0,1,0,0,0,4,4,2,5,5,4,0,1,1,1,118.0
GP,F,16,U,GT3,T,2,1,other,other,home,mother,1,1,0,no,no,no,no,yes,yes,yes,yes,4,5,2,1,1,5,20,13,12,12,0,1,0,0,1,0,2,1,4,4,0,0,1,1,0,1,1,1,1,0,0,0,0,4,5,2,1,1,5,0,1,1,1,149.0
GP,F,17,R,GT3,T,2,1,at_home,services,course,mother,3,2,0,no,no,no,yes,yes,yes,no,no,2,1,1,1,1,3,2,13,11,11,0,1,0,1,1,0,2,1,3,2,2,0,3,2,0,1,1,1,0,0,0,1,1,2,1,1,1,1,3,0,1,1,1,190.0
GP,M,18,U,GT3,T,2,2,other,services,reputation,father,1,2,1,no,no,no,no,yes,no,yes,no,5,5,4,3,5,2,0,7,7,0,0,0,0,0,1,0,2,2,4,2,1,1,1,2,1,1,1,1,1,0,1,0,1,5,5,4,3,5,2,0,0,0,0,377.0
GP,M,17,U,LE3,T,4,3,health,other,course,mother,2,2,0,no,no,no,yes,yes,yes,yes,yes,2,5,5,1,4,5,14,12,12,12,0,0,0,0,0,0,4,3,1,4,2,0,2,2,0,1,1,1,0,0,0,0,0,2,5,5,1,4,5,0,1,1,1,150.0
GP,M,17,R,LE3,A,4,4,teacher,other,course,mother,2,2,0,no,yes,yes,no,yes,yes,yes,no,3,3,3,2,3,4,2,10,11,12,0,0,0,1,0,1,4,4,0,4,2,0,2,2,0,1,0,0,1,0,0,0,1,3,3,3,2,3,4,0,1,1,1,151.0
GP,M,16,U,LE3,T,4,3,teacher,other,course,mother,1,1,0,no,no,no,yes,no,yes,yes,no,5,4,5,1,1,3,0,6,0,0,0,0,0,0,0,0,4,3,0,4,2,0,1,1,0,1,1,1,0,1,0,0,1,5,4,5,1,1,3,0,0,0,0,378.0
GP,M,16,U,GT3,T,4,4,services,services,course,mother,1,1,0,no,no,no,yes,yes,yes,yes,no,5,3,2,1,2,5,0,13,12,12,0,0,0,0,1,0,4,4,2,2,2,0,1,1,0,1,1,1,0,0,0,0,1,5,3,2,1,2,5,0,1,1,1,152.0
GP,F,18,U,GT3,T,2,1,other,other,course,other,2,3,0,no,yes,yes,no,no,yes,yes,yes,4,4,4,1,1,3,0,7,0,0,0,1,0,0,1,0,2,1,4,4,2,2,2,3,0,1,0,0,1,1,0,0,0,4,4,4,1,1,3,0,0,0,0,379.0
GP,M,16,U,GT3,T,2,1,other,other,course,mother,3,1,0,no,no,no,no,yes,yes,yes,no,4,3,3,1,1,4,6,18,18,18,0,0,0,0,1,0,2,1,4,4,2,0,3,1,0,1,1,1,1,0,0,0,1,4,3,3,1,1,4,0,1,1,1,14.0
GP,M,17,U,GT3,T,2,3,other,other,course,father,2,1,0,no,no,no,no,yes,yes,yes,no,5,2,2,1,1,2,4,12,12,13,0,0,0,0,1,0,2,3,4,4,2,1,2,1,0,1,1,1,1,0,0,0,1,5,2,2,1,1,2,0,1,1,1,119.0
GP,M,22,U,GT3,T,3,1,services,services,other,mother,1,1,3,no,no,no,no,no,no,yes,yes,5,4,5,5,5,1,16,6,8,8,0,0,1,0,1,0,3,1,2,2,3,0,1,1,3,1,1,1,1,1,1,0,0,5,4,5,5,5,1,0,0,0,0,311.0
GP,M,18,R,LE3,T,3,3,other,services,course,mother,1,2,1,no,yes,no,no,yes,yes,yes,yes,4,3,3,1,3,5,8,3,5,5,0,0,0,1,0,0,3,3,4,2,2,0,1,2,1,1,0,1,1,0,0,0,0,4,3,3,1,3,5,0,0,0,0,354.0
GP,M,16,U,GT3,T,0,2,other,other,other,mother,1,1,0,no,no,yes,no,no,yes,yes,no,4,3,2,2,4,5,0,13,15,15,0,0,0,0,1,0,0,2,4,4,3,0,1,1,0,1,1,0,1,1,0,0,1,4,3,2,2,4,5,0,1,1,1,63.0
GP,M,18,U,GT3,T,3,2,services,other,course,mother,2,1,1,no,no,no,no,yes,no,yes,no,4,4,5,2,4,5,0,6,8,8,0,0,0,0,1,0,3,2,2,4,2,0,2,1,1,1,1,1,1,0,1,0,1,4,4,5,2,4,5,0,0,0,0,312.0
GP,M,16,U,GT3,T,3,3,at_home,other,reputation,other,3,2,0,yes,yes,no,no,no,yes,yes,no,5,3,3,1,3,2,6,7,10,10,0,0,0,0,1,0,3,3,3,4,1,2,3,2,0,0,0,1,1,1,0,0,1,5,3,3,1,3,2,0,0,1,1,243.0
GP,M,18,U,GT3,T,2,1,services,services,other,mother,1,1,1,no,no,no,no,no,no,yes,no,3,2,5,2,5,5,4,6,9,8,0,0,0,0,1,0,2,1,2,2,3,0,1,1,1,1,1,1,1,1,1,0,1,3,2,5,2,5,5,0,0,0,0,313.0
GP,M,16,R,GT3,T,2,1,other,other,course,mother,2,1,0,no,no,no,yes,no,yes,no,no,3,3,2,1,3,3,0,8,9,8,0,0,0,1,1,0,2,1,4,4,2,0,2,1,0,1,1,1,0,1,0,1,1,3,3,2,1,3,3,0,0,0,0,314.0
GP,M,17,R,GT3,T,2,1,other,other,course,mother,1,1,0,no,no,no,no,no,yes,yes,no,4,4,2,2,4,5,0,8,12,12,0,0,0,1,1,0,2,1,4,4,2,0,1,1,0,1,1,1,1,1,0,0,1,4,4,2,2,4,5,0,0,1,1,153.0
GP,M,17,U,LE3,T,1,1,health,other,course,mother,2,1,1,no,yes,no,yes,yes,yes,yes,no,4,4,4,1,2,5,2,7,9,8,0,0,0,0,0,0,1,1,1,4,2,0,2,1,1,1,0,1,0,0,0,0,1,4,4,4,1,2,5,0,0,0,0,315.0
GP,F,17,U,LE3,T,4,2,teacher,services,reputation,mother,1,4,0,no,yes,yes,yes,yes,yes,yes,no,4,2,3,1,1,4,6,14,12,13,0,1,0,0,0,0,4,2,0,2,1,0,1,4,0,1,0,0,0,0,0,0,1,4,2,3,1,1,4,0,1,1,1,120.0
GP,M,19,U,LE3,A,4,3,services,at_home,reputation,mother,1,2,0,no,yes,no,no,yes,yes,yes,no,4,3,1,1,1,1,12,11,11,11,0,0,1,0,0,1,4,3,2,3,1,0,1,2,0,1,0,1,1,0,0,0,1,4,3,1,1,1,1,0,1,1,1,191.0
GP,M,18,U,GT3,T,2,1,other,other,home,mother,1,2,0,no,no,no,yes,yes,yes,yes,no,5,2,4,1,2,4,8,15,14,14,0,0,0,0,1,0,2,1,4,4,0,0,1,2,0,1,1,1,0,0,0,0,1,5,2,4,1,2,4,0,1,1,1,90.0
GP,F,17,U,LE3,T,2,2,services,services,course,father,1,4,0,no,no,yes,yes,yes,yes,yes,yes,3,4,1,1,1,2,0,10,9,0,0,1,0,0,0,0,2,2,2,2,2,1,1,4,0,1,1,0,0,0,0,0,0,3,4,1,1,1,2,0,1,0,0,380.0
GP,F,18,U,GT3,T,4,3,services,other,home,father,1,2,0,no,yes,yes,no,yes,yes,yes,yes,3,1,2,1,3,2,21,17,18,18,0,1,0,0,1,0,4,3,2,4,0,1,1,2,0,1,0,0,1,0,0,0,0,3,1,2,1,3,2,0,1,1,1,15.0
GP,M,18,U,GT3,T,4,3,teacher,other,course,mother,1,2,0,no,yes,yes,no,no,yes,yes,no,4,3,2,1,1,3,2,8,8,8,0,0,0,0,1,0,4,3,0,4,2,0,1,2,0,1,0,0,1,1,0,0,1,4,3,2,1,1,3,0,0,0,0,316.0
GP,M,18,R,GT3,T,3,2,other,other,course,mother,1,3,0,no,no,no,yes,no,yes,no,no,5,3,2,1,1,3,1,13,12,12,0,0,0,1,1,0,3,2,4,4,2,0,1,3,0,1,1,1,0,1,0,1,1,5,3,2,1,1,3,0,1,1,1,154.0
GP,F,17,U,GT3,T,3,3,other,other,home,mother,1,3,0,no,no,no,yes,no,yes,no,no,3,2,3,1,1,4,4,10,9,9,0,1,0,0,1,0,3,3,4,4,0,0,1,3,0,1,1,1,0,1,0,1,1,3,2,3,1,1,4,0,1,0,0,282.0
GP,F,18,U,GT3,T,2,2,at_home,services,home,mother,1,3,0,no,yes,yes,yes,yes,yes,yes,yes,4,3,3,1,1,3,0,9,10,0,0,1,0,0,1,0,2,2,3,2,0,0,1,3,0,1,0,0,0,0,0,0,0,4,3,3,1,1,3,0,0,1,0,381.0
GP,M,18,R,LE3,A,3,4,other,other,reputation,mother,2,2,0,no,yes,yes,yes,yes,yes,yes,no,4,2,5,3,4,1,13,17,17,17,0,0,0,1,0,1,3,4,4,4,1,0,2,2,0,1,0,0,0,0,0,0,1,4,2,5,3,4,1,0,1,1,1,23.0
GP,M,17,U,GT3,T,3,1,services,other,other,mother,1,2,0,no,no,yes,yes,yes,yes,yes,yes,5,4,4,3,4,5,2,9,9,10,0,0,0,0,1,0,3,1,2,4,3,0,1,2,0,1,1,0,0,0,0,0,0,5,4,4,3,4,5,0,0,0,1,244.0
GP,F,18,R,GT3,T,4,4,teacher,other,reputation,mother,2,2,0,no,no,yes,yes,yes,yes,yes,no,4,3,4,2,2,4,8,12,10,11,0,1,0,1,1,0,4,4,0,4,1,0,2,2,0,1,1,0,0,0,0,0,1,4,3,4,2,2,4,0,1,1,1,192.0
GP,M,18,U,GT3,T,4,2,health,other,reputation,father,1,2,0,no,yes,yes,yes,yes,yes,yes,yes,5,4,5,1,3,5,10,10,9,10,0,0,0,0,1,0,4,2,1,4,1,1,1,2,0,1,0,0,0,0,0,0,0,5,4,5,1,3,5,0,1,0,1,245.0
GP,F,18,R,GT3,T,2,1,other,other,reputation,mother,2,2,0,no,yes,no,no,yes,no,yes,yes,4,3,5,1,2,3,0,6,0,0,0,1,0,1,1,0,2,1,4,4,1,0,2,2,0,1,0,1,1,0,1,0,0,4,3,5,1,2,3,0,0,0,0,382.0
GP,F,19,U,GT3,T,3,3,other,services,home,other,1,2,2,no,yes,yes,yes,yes,yes,yes,no,4,3,5,3,3,5,15,9,9,9,0,1,1,0,1,0,3,3,4,2,0,2,1,2,2,1,0,0,0,0,0,0,1,4,3,5,3,3,5,0,0,0,0,283.0
GP,F,18,U,GT3,T,2,3,other,services,reputation,father,1,4,0,no,yes,yes,yes,yes,yes,yes,yes,4,5,5,1,3,2,4,15,14,14,0,1,0,0,1,0,2,3,4,2,1,1,1,4,0,1,0,0,0,0,0,0,0,4,5,5,1,3,2,0,1,1,1,91.0
GP,F,18,U,LE3,T,1,1,other,other,home,mother,2,2,0,no,yes,yes,no,no,yes,no,no,4,4,3,1,1,3,2,11,11,11,0,1,0,0,0,0,1,1,4,4,0,0,2,2,0,1,0,0,1,1,0,1,1,4,4,3,1,1,3,0,1,1,1,193.0
GP,M,17,R,GT3,T,1,2,at_home,at_home,home,mother,1,2,0,no,yes,yes,yes,no,yes,no,yes,3,5,2,2,2,1,2,15,14,14,0,0,0,1,1,0,1,2,3,3,0,0,1,2,0,1,0,0,0,1,0,1,0,3,5,2,2,2,1,0,1,1,1,92.0
GP,F,17,U,GT3,T,2,4,at_home,health,reputation,mother,2,2,0,no,yes,yes,no,yes,yes,yes,yes,4,3,3,1,1,1,2,10,10,10,0,1,0,0,1,0,2,4,3,1,1,0,2,2,0,1,0,0,1,0,0,0,0,4,3,3,1,1,1,0,1,1,1,246.0
GP,F,17,U,LE3,T,2,2,services,other,course,mother,2,2,0,yes,yes,yes,no,yes,yes,yes,yes,4,4,4,2,3,5,6,12,12,12,0,1,0,0,0,0,2,2,2,4,2,0,2,2,0,0,0,0,1,0,0,0,0,4,4,4,2,3,5,0,1,1,1,155.0
GP,F,18,R,GT3,A,3,2,other,services,home,mother,2,2,0,no,no,no,no,no,no,yes,yes,4,1,1,1,1,5,75,10,9,9,0,1,0,1,1,1,3,2,4,2,0,0,2,2,0,1,1,1,1,1,1,0,0,4,1,1,1,1,5,75,1,0,0,284.0
GP,M,18,U,GT3,T,4,4,teacher,services,home,mother,2,1,0,no,no,yes,yes,yes,yes,yes,no,3,2,4,1,4,3,22,9,9,9,0,0,0,0,1,0,4,4,0,2,0,0,2,1,0,1,1,0,0,0,0,0,1,3,2,4,1,4,3,0,0,0,0,285.0
GP,F,18,U,GT3,T,4,4,health,health,reputation,father,1,2,1,yes,yes,no,yes,yes,yes,yes,yes,2,4,4,1,1,4,15,9,8,8,0,1,0,0,1,0,4,4,1,1,1,1,1,2,1,0,0,1,0,0,0,0,0,2,4,4,1,1,4,0,0,0,0,317.0
GP,M,18,U,LE3,T,4,3,teacher,services,course,mother,2,1,0,no,no,yes,yes,yes,yes,yes,no,4,2,3,1,2,1,8,10,11,10,0,0,0,0,0,0,4,3,0,2,2,0,2,1,0,1,1,0,0,0,0,0,1,4,2,3,1,2,1,0,1,1,1,247.0
GP,M,17,U,LE3,A,4,1,services,other,home,mother,2,1,0,no,no,yes,yes,yes,yes,yes,yes,4,5,4,2,4,5,30,8,8,8,0,0,0,0,0,1,4,1,2,4,0,0,2,1,0,1,1,0,0,0,0,0,0,4,5,4,2,4,5,1,0,0,0,318.0
GP,M,17,U,LE3,A,3,2,teacher,services,home,mother,1,1,1,no,no,no,no,yes,yes,yes,no,4,4,4,3,4,3,19,11,9,10,0,0,0,0,0,1,3,2,0,2,0,0,1,1,1,1,1,1,1,0,0,0,1,4,4,4,3,4,3,0,1,0,1,248.0
GP,F,18,R,LE3,T,1,1,at_home,other,reputation,mother,2,4,0,no,yes,yes,yes,yes,yes,no,no,5,2,2,1,1,3,1,12,12,12,0,1,0,1,0,0,1,1,3,4,1,0,2,4,0,1,0,0,0,0,0,1,1,5,2,2,1,1,3,0,1,1,1,156.0
GP,F,18,U,GT3,T,1,1,other,other,home,mother,2,2,0,yes,no,no,yes,yes,yes,yes,no,5,4,4,1,1,4,4,8,9,10,0,1,0,0,1,0,1,1,4,4,0,0,2,2,0,0,1,1,0,0,0,0,1,5,4,4,1,1,4,0,0,0,1,249.0
GP,F,17,U,GT3,T,2,2,other,other,course,mother,1,2,0,no,yes,no,no,no,yes,yes,no,5,4,5,1,2,5,4,10,9,11,0,1,0,0,1,0,2,2,4,4,2,0,1,2,0,1,0,1,1,1,0,0,1,5,4,5,1,2,5,0,1,0,1,194.0
GP,M,17,U,GT3,T,1,1,other,other,reputation,father,1,2,0,no,no,yes,no,no,yes,yes,no,4,3,3,1,2,4,2,12,10,11,0,0,0,0,1,0,1,1,4,4,1,1,1,2,0,1,1,0,1,1,0,0,1,4,3,3,1,2,4,0,1,1,1,195.0
GP,F,18,U,GT3,T,2,2,at_home,at_home,other,mother,1,3,0,no,yes,yes,no,yes,yes,yes,no,4,3,3,1,2,2,5,18,18,19,0,1,0,0,1,0,2,2,3,3,3,0,1,3,0,1,0,0,1,0,0,0,1,4,3,3,1,2,2,0,1,1,1,5.0
GP,F,17,U,GT3,T,1,1,services,teacher,reputation,mother,1,3,0,no,yes,yes,no,yes,yes,yes,no,4,3,3,1,1,3,6,13,12,12,0,1,0,0,1,0,1,1,2,0,1,0,1,3,0,1,0,0,1,0,0,0,1,4,3,3,1,1,3,0,1,1,1,157.0
GP,M,18,U,GT3,T,2,1,services,services,reputation,mother,1,3,0,no,no,yes,yes,yes,yes,yes,no,4,2,4,1,3,2,6,15,14,14,0,0,0,0,1,0,2,1,2,2,1,0,1,3,0,1,1,0,0,0,0,0,1,4,2,4,1,3,2,0,1,1,1,93.0
GP,M,18,U,LE3,A,4,4,teacher,teacher,reputation,mother,1,2,0,no,yes,yes,yes,yes,yes,yes,no,5,4,3,1,1,2,9,15,13,15,0,0,0,0,0,1,4,4,0,0,1,0,1,2,0,1,0,0,0,0,0,0,1,5,4,3,1,1,2,0,1,1,1,64.0
GP,M,18,U,GT3,T,4,2,teacher,other,home,mother,1,2,0,no,yes,yes,yes,yes,yes,yes,yes,4,3,2,1,4,5,11,12,11,11,0,0,0,0,1,0,4,2,0,4,0,0,1,2,0,1,0,0,0,0,0,0,0,4,3,2,1,4,5,0,1,1,1,196.0
GP,F,17,U,GT3,T,4,3,health,services,reputation,mother,1,3,0,no,yes,yes,no,yes,yes,yes,no,4,2,2,1,2,3,0,15,15,15,0,1,0,0,1,0,4,3,1,2,1,0,1,3,0,1,0,0,1,0,0,0,1,4,2,2,1,2,3,0,1,1,1,65.0
GP,F,18,U,LE3,T,2,1,services,at_home,reputation,mother,1,2,1,no,no,no,no,yes,yes,yes,yes,5,4,3,1,1,5,12,12,12,13,0,1,0,0,0,0,2,1,2,3,1,0,1,2,1,1,1,1,1,0,0,0,0,5,4,3,1,1,5,0,1,1,1,121.0
GP,F,17,R,LE3,T,3,1,services,other,reputation,mother,2,4,0,no,yes,yes,no,yes,yes,no,no,3,1,2,1,1,3,6,18,18,18,0,1,0,1,0,0,3,1,2,4,1,0,2,4,0,1,0,0,1,0,0,1,1,3,1,2,1,1,3,0,1,1,1,16.0
GP,M,18,R,LE3,T,3,2,services,other,reputation,mother,2,3,0,no,yes,yes,yes,yes,yes,yes,no,5,4,2,1,1,4,8,14,13,14,0,0,0,1,0,0,3,2,2,4,1,0,2,3,0,1,0,0,0,0,0,0,1,5,4,2,1,1,4,0,1,1,1,94.0
GP,M,17,U,GT3,T,3,3,health,other,home,mother,1,1,0,no,yes,yes,no,yes,yes,yes,no,4,4,3,1,3,5,4,14,12,11,0,0,0,0,1,0,3,3,1,4,0,0,1,1,0,1,0,0,1,0,0,0,1,4,4,3,1,3,5,0,1,1,1,197.0
GP,F,19,U,GT3,T,4,4,health,other,reputation,other,2,2,0,no,yes,yes,yes,yes,yes,yes,no,2,3,4,2,3,2,0,10,9,0,0,1,1,0,1,0,4,4,1,4,1,2,2,2,0,1,0,0,0,0,0,0,1,2,3,4,2,3,2,0,1,0,0,383.0
GP,F,18,U,LE3,T,4,3,other,other,home,other,2,2,0,no,yes,yes,no,yes,yes,yes,yes,4,4,5,1,2,2,10,10,8,8,0,1,0,0,0,0,4,3,4,4,0,2,2,2,0,1,0,0,1,0,0,0,0,4,4,5,1,2,2,0,1,0,0,319.0
GP,F,18,U,GT3,T,4,3,other,other,reputation,father,1,4,0,no,yes,yes,no,yes,yes,yes,no,4,3,3,1,1,3,0,14,13,14,0,1,0,0,1,0,4,3,4,4,1,1,1,4,0,1,0,0,1,0,0,0,1,4,3,3,1,1,3,0,1,1,1,95.0
GP,M,18,U,LE3,T,4,4,teacher,teacher,home,mother,1,1,0,no,yes,yes,no,yes,yes,yes,yes,1,4,2,2,2,1,5,16,15,16,0,0,0,0,0,0,4,4,0,0,0,0,1,1,0,1,0,0,1,0,0,0,0,1,4,2,2,2,1,0,1,1,1,36.0
GP,F,18,U,LE3,A,4,4,health,other,home,mother,1,2,0,no,yes,no,no,yes,yes,yes,yes,4,2,4,1,1,4,14,12,10,11,0,1,0,0,0,1,4,4,1,4,0,0,1,2,0,1,0,1,1,0,0,0,0,4,2,4,1,1,4,0,1,1,1,198.0
GP,M,17,U,LE3,T,4,4,other,teacher,home,father,2,1,0,no,no,yes,no,yes,yes,yes,no,4,1,1,2,2,5,0,11,11,10,0,0,0,0,0,0,4,4,4,0,0,1,2,1,0,1,1,0,1,0,0,0,1,4,1,1,2,2,5,0,1,1,1,250.0
GP,F,17,U,GT3,T,4,2,other,other,reputation,mother,2,3,0,no,yes,yes,no,yes,yes,yes,no,4,3,3,1,1,3,0,15,12,14,0,1,0,0,1,0,4,2,4,4,1,0,2,3,0,1,0,0,1,0,0,0,1,4,3,3,1,1,3,0,1,1,1,96.0
GP,F,17,U,GT3,T,3,2,health,health,reputation,father,1,4,0,no,yes,yes,yes,no,yes,yes,no,5,2,2,1,2,5,0,17,17,18,0,1,0,0,1,0,3,2,1,1,1,1,1,4,0,1,0,0,0,1,0,0,1,5,2,2,1,2,5,0,1,1,1,17.0
GP,M,19,U,GT3,T,3,3,other,other,home,other,1,2,1,no,yes,no,yes,yes,yes,yes,yes,4,4,4,1,1,3,20,15,14,13,0,0,1,0,1,0,3,3,4,4,0,2,1,2,1,1,0,1,0,0,0,0,0,4,4,4,1,1,3,0,1,1,1,122.0
GP,F,18,U,GT3,T,2,4,services,at_home,reputation,other,1,2,1,no,yes,yes,yes,yes,yes,yes,no,4,4,3,1,1,3,8,14,12,12,0,1,0,0,1,0,2,4,2,3,1,2,1,2,1,1,0,0,0,0,0,0,1,4,4,3,1,1,3,0,1,1,1,158.0
GP,M,20,U,GT3,A,3,2,services,other,course,other,1,1,0,no,no,no,yes,yes,yes,no,no,5,5,3,1,1,5,0,17,18,18,0,0,1,0,1,1,3,2,2,4,2,2,1,1,0,1,1,1,0,0,0,1,1,5,5,3,1,1,5,0,1,1,1,18.0
GP,M,19,U,GT3,T,4,4,teacher,services,reputation,other,2,1,1,no,yes,yes,no,yes,yes,yes,yes,4,3,4,1,1,4,38,8,9,8,0,0,1,0,1,0,4,4,0,2,1,2,2,1,1,1,0,0,1,0,0,0,0,4,3,4,1,1,4,1,0,0,0,320.0
GP,M,19,R,GT3,T,3,3,other,services,reputation,father,1,2,1,no,no,no,yes,yes,yes,no,yes,4,5,3,1,2,5,0,15,12,12,0,0,1,1,1,0,3,3,4,2,1,1,1,2,1,1,1,1,0,0,0,1,0,4,5,3,1,2,5,0,1,1,1,159.0
GP,F,19,U,LE3,T,1,1,at_home,other,reputation,other,1,2,1,yes,yes,no,yes,no,yes,yes,no,4,4,3,1,3,3,18,12,10,10,0,1,1,0,0,0,1,1,3,4,1,2,1,2,1,0,0,1,0,1,0,0,1,4,4,3,1,3,3,0,1,1,1,251.0
GP,F,19,U,LE3,T,1,2,services,services,home,other,1,2,1,no,no,no,yes,no,yes,no,yes,4,2,4,2,2,3,0,9,9,0,0,1,1,0,0,0,1,2,2,2,0,2,1,2,1,1,1,1,0,1,0,1,0,4,2,4,2,2,3,0,0,0,0,384.0
GP,F,19,U,GT3,T,2,1,at_home,other,other,other,3,2,0,no,yes,no,no,yes,no,yes,yes,3,4,1,1,1,2,20,14,12,13,0,1,1,0,1,0,2,1,3,4,3,2,3,2,0,1,0,1,1,0,1,0,0,3,4,1,1,1,2,0,1,1,1,123.0
GP,M,19,U,GT3,T,1,2,other,services,course,other,1,2,1,no,no,no,no,no,yes,yes,no,4,5,2,2,2,4,3,13,11,11,0,0,1,0,1,0,1,2,4,2,2,2,1,2,1,1,1,1,1,1,0,0,1,4,5,2,2,2,4,0,1,1,1,199.0
GP,F,19,U,LE3,T,3,2,services,other,reputation,other,2,2,1,no,yes,yes,no,no,yes,yes,yes,4,2,2,1,2,1,22,13,10,11,0,1,1,0,0,0,3,2,2,4,1,2,2,2,1,1,0,0,1,1,0,0,0,4,2,2,1,2,1,0,1,1,1,200.0
GP,F,19,U,GT3,T,1,1,at_home,health,home,other,1,3,2,no,no,no,no,no,yes,yes,yes,4,1,2,1,1,3,14,15,13,13,0,1,1,0,1,0,1,1,3,1,0,2,1,3,2,1,1,1,1,1,0,0,0,4,1,2,1,1,3,0,1,1,1,124.0
GP,F,19,R,GT3,T,2,3,other,other,reputation,other,1,3,1,no,no,no,no,yes,yes,yes,yes,4,1,2,1,1,3,40,13,11,11,0,1,1,1,1,0,2,3,4,4,1,2,1,3,1,1,1,1,1,0,0,0,0,4,1,2,1,1,3,1,1,1,1,201.0
GP,F,18,U,GT3,T,2,1,services,other,course,mother,2,2,0,no,yes,yes,yes,yes,yes,yes,no,5,3,3,1,2,1,0,8,8,0,0,1,0,0,1,0,2,1,2,4,2,0,2,2,0,1,0,0,0,0,0,0,1,5,3,3,1,2,1,0,0,0,0,385.0
GP,F,18,U,GT3,T,4,3,other,other,course,mother,1,3,0,no,yes,yes,yes,yes,yes,yes,yes,4,3,4,1,1,5,9,9,10,9,0,1,0,0,1,0,4,3,4,4,2,0,1,3,0,1,0,0,0,0,0,0,0,4,3,4,1,1,5,0,0,1,0,286.0
GP,F,17,R,GT3,T,3,4,at_home,services,course,father,1,3,0,no,yes,yes,yes,no,yes,yes,no,4,3,4,2,5,5,0,11,11,10,0,1,0,1,1,0,3,4,3,2,2,1,1,3,0,1,0,0,0,1,0,0,1,4,3,4,2,5,5,0,1,1,1,252.0
GP,F,18,U,GT3,T,4,4,teacher,other,course,mother,1,2,0,no,yes,yes,no,yes,yes,yes,no,4,4,4,3,3,5,2,11,11,11,0,1,0,0,1,0,4,4,0,4,2,0,1,2,0,1,0,0,1,0,0,0,1,4,4,4,3,3,5,0,1,1,1,202.0
GP,F,17,U,GT3,A,4,3,services,services,course,mother,1,2,0,no,yes,yes,no,yes,yes,yes,yes,5,2,2,1,2,5,23,13,13,13,0,1,0,0,1,1,4,3,2,2,2,0,1,2,0,1,0,0,1,0,0,0,0,5,2,2,1,2,5,0,1,1,1,125.0
GP,F,17,U,GT3,T,2,2,other,other,course,mother,1,2,0,no,yes,no,no,yes,yes,no,yes,4,2,2,1,1,3,12,11,9,9,0,1,0,0,1,0,2,2,4,4,2,0,1,2,0,1,0,1,1,0,0,1,0,4,2,2,1,1,3,0,1,0,0,287.0
GP,F,17,R,LE3,T,2,2,services,services,course,mother,1,3,0,no,yes,yes,yes,yes,yes,yes,no,3,3,2,2,2,3,3,11,11,11,0,1,0,1,0,0,2,2,2,2,2,0,1,3,0,1,0,0,0,0,0,0,1,3,3,2,2,2,3,0,1,1,1,203.0
GP,F,17,U,GT3,T,3,1,services,services,course,father,1,3,0,no,yes,no,no,no,yes,yes,no,3,4,3,2,3,5,1,12,14,15,0,1,0,0,1,0,3,1,2,2,2,1,1,3,0,1,0,1,1,1,0,0,1,3,4,3,2,3,5,0,1,1,1,66.0
GP,F,17,U,LE3,T,0,2,at_home,at_home,home,father,2,3,0,no,no,no,no,yes,yes,yes,no,3,3,3,2,3,2,0,16,15,15,0,1,0,0,0,0,0,2,3,3,0,1,2,3,0,1,1,1,1,0,0,0,1,3,3,3,2,3,2,0,1,1,1,67.0
GP,M,18,U,GT3,T,4,4,other,other,course,mother,1,3,0,no,no,no,yes,yes,yes,yes,no,4,3,3,2,2,3,3,9,12,11,0,0,0,0,1,0,4,4,4,4,2,0,1,3,0,1,1,1,0,0,0,0,1,4,3,3,2,2,3,0,0,1,1,204.0
GP,M,17,U,GT3,T,3,3,other,services,reputation,mother,1,1,0,no,no,no,yes,no,yes,yes,no,4,3,5,3,5,5,3,14,15,16,0,0,0,0,1,0,3,3,4,2,1,0,1,1,0,1,1,1,0,1,0,0,1,4,3,5,3,5,5,0,1,1,1,37.0
GP,M,17,R,GT3,T,2,2,services,other,course,mother,4,1,0,no,yes,no,no,yes,yes,yes,no,4,4,5,5,5,4,8,11,10,10,0,0,0,1,1,0,2,2,2,4,2,0,4,1,0,1,0,1,1,0,0,0,1,4,4,5,5,5,4,0,1,1,1,253.0
GP,F,17,U,GT3,T,4,4,teacher,services,course,mother,1,3,0,no,yes,yes,yes,yes,yes,yes,no,5,4,4,1,3,4,7,10,9,9,0,1,0,0,1,0,4,4,0,2,2,0,1,3,0,1,0,0,0,0,0,0,1,5,4,4,1,3,4,0,1,0,0,288.0
GP,F,17,U,GT3,T,4,4,teacher,teacher,course,mother,2,3,0,no,yes,yes,no,no,yes,yes,yes,4,3,3,1,2,4,4,14,14,14,0,1,0,0,1,0,4,4,0,0,2,0,2,3,0,1,0,0,1,1,0,0,0,4,3,3,1,2,4,0,1,1,1,97.0
GP,M,18,U,LE3,T,2,2,other,other,course,mother,1,4,0,no,yes,no,yes,yes,yes,yes,no,4,5,5,2,4,5,2,9,8,8,0,0,0,0,0,0,2,2,4,4,2,0,1,4,0,1,0,1,0,0,0,0,1,4,5,5,2,4,5,0,0,0,0,321.0
GP,F,17,R,GT3,T,2,4,at_home,other,course,father,1,3,0,no,yes,no,no,yes,yes,yes,yes,4,4,3,1,1,5,7,12,14,14,0,1,0,1,1,0,2,4,3,4,2,1,1,3,0,1,0,1,1,0,0,0,0,4,4,3,1,1,5,0,1,1,1,98.0
GP,F,18,U,GT3,T,3,3,services,services,home,mother,1,2,0,no,no,no,yes,yes,yes,yes,no,5,3,4,1,1,4,0,7,0,0,0,1,0,0,1,0,3,3,2,2,0,0,1,2,0,1,1,1,0,0,0,0,1,5,3,4,1,1,4,0,0,0,0,386.0
GP,F,18,U,LE3,T,2,2,other,other,home,other,1,2,0,no,no,no,yes,no,yes,yes,yes,4,3,3,1,1,2,0,8,8,0,0,1,0,0,0,0,2,2,4,4,0,2,1,2,0,1,1,1,0,1,0,0,0,4,3,3,1,1,2,0,0,0,0,387.0
GP,F,18,R,GT3,T,2,2,at_home,other,course,mother,2,4,0,no,no,no,yes,yes,yes,no,no,4,4,4,1,1,4,0,10,9,0,0,1,0,1,1,0,2,2,3,4,2,0,2,4,0,1,1,1,0,0,0,1,1,4,4,4,1,1,4,0,1,0,0,388.0
GP,F,17,U,GT3,T,3,4,services,other,course,mother,1,3,0,no,no,no,no,yes,yes,yes,no,4,4,5,1,3,5,16,16,15,15,0,1,0,0,1,0,3,4,2,4,2,0,1,3,0,1,1,1,1,0,0,0,1,4,4,5,1,3,5,0,1,1,1,68.0
GP,F,19,R,GT3,A,3,1,services,at_home,home,other,1,3,1,no,no,yes,no,yes,yes,no,no,5,4,3,1,2,5,12,14,13,13,0,1,1,1,1,1,3,1,2,3,0,2,1,3,1,1,1,0,1,0,0,1,1,5,4,3,1,2,5,0,1,1,1,126.0
GP,F,17,U,GT3,T,3,2,other,other,home,mother,1,2,0,no,yes,yes,no,yes,yes,yes,yes,4,3,2,2,3,2,0,7,8,0,0,1,0,0,1,0,3,2,4,4,0,0,1,2,0,1,0,0,1,0,0,0,0,4,3,2,2,3,2,0,0,0,0,389.0
GP,F,18,U,LE3,T,3,3,services,services,home,mother,1,4,0,no,yes,no,no,yes,yes,yes,no,5,3,3,1,1,1,7,16,15,17,0,1,0,0,0,0,3,3,2,2,0,0,1,4,0,1,0,1,1,0,0,0,1,5,3,3,1,1,1,0,1,1,1,24.0
GP,F,17,R,GT3,A,3,2,other,other,home,mother,1,2,0,no,yes,yes,no,yes,yes,yes,no,4,3,3,2,3,2,4,9,10,10,0,1,0,1,1,1,3,2,4,4,0,0,1,2,0,1,0,0,1,0,0,0,1,4,3,3,2,3,2,0,0,1,1,254.0
GP,F,19,U,GT3,T,2,1,services,services,home,other,1,3,1,no,no,yes,yes,yes,yes,yes,yes,4,3,4,1,3,3,4,11,12,11,0,1,1,0,1,0,2,1,2,2,0,2,1,3,1,1,1,0,0,0,0,0,0,4,3,4,1,3,3,0,1,1,1,205.0
GP,M,18,U,GT3,T,4,4,teacher,services,home,father,1,2,1,no,yes,no,yes,yes,yes,yes,no,4,3,3,2,2,2,0,10,10,0,0,0,0,0,1,0,4,4,0,2,0,1,1,2,1,1,0,1,0,0,0,0,1,4,3,3,2,2,2,0,1,1,0,390.0
GP,M,18,U,LE3,T,3,4,services,other,home,mother,1,2,0,no,no,no,yes,yes,yes,yes,yes,4,3,3,1,3,5,11,16,15,15,0,0,0,0,0,0,3,4,2,4,0,0,1,2,0,1,1,1,0,0,0,0,0,4,3,3,1,3,5,0,1,1,1,69.0
GP,F,17,U,GT3,A,2,2,at_home,at_home,home,father,1,2,1,no,yes,no,no,yes,yes,yes,yes,3,3,1,1,2,4,0,9,8,0,0,1,0,0,1,1,2,2,3,3,0,1,1,2,1,1,0,1,1,0,0,0,0,3,3,1,1,2,4,0,0,0,0,391.0
GP,F,18,U,GT3,T,2,3,at_home,other,course,mother,1,3,0,no,yes,no,no,yes,yes,yes,no,4,3,3,1,2,3,4,11,10,10,0,1,0,0,1,0,2,3,3,4,2,0,1,3,0,1,0,1,1,0,0,0,1,4,3,3,1,2,3,0,1,1,1,255.0
GP,F,18,U,GT3,T,3,2,other,services,other,mother,1,3,0,no,no,no,no,yes,yes,yes,yes,5,4,3,2,3,1,7,13,13,14,0,1,0,0,1,0,3,2,4,2,3,0,1,3,0,1,1,1,1,0,0,0,0,5,4,3,2,3,1,0,1,1,1,99.0
GP,M,18,R,GT3,T,4,3,teacher,services,course,mother,1,3,0,no,no,no,no,yes,yes,yes,yes,5,3,2,1,2,4,9,16,15,16,0,0,0,1,1,0,4,3,0,2,2,0,1,3,0,1,1,1,1,0,0,0,0,5,3,2,1,2,4,0,1,1,1,38.0
GP,M,18,U,GT3,T,4,3,teacher,other,course,mother,1,3,0,no,yes,yes,no,yes,yes,yes,yes,5,4,5,2,3,5,0,10,10,9,0,0,0,0,1,0,4,3,0,4,2,0,1,3,0,1,0,0,1,0,0,0,0,5,4,5,2,3,5,0,1,1,0,289.0
GP,F,17,U,GT3,T,4,3,health,other,reputation,mother,1,3,0,no,yes,yes,yes,yes,yes,yes,yes,4,4,3,1,3,4,0,13,15,15,0,1,0,0,1,0,4,3,1,4,1,0,1,3,0,1,0,0,0,0,0,0,0,4,4,3,1,3,4,0,1,1,1,70.0
MS,M,18,R,GT3,T,3,2,other,other,course,mother,2,1,1,no,yes,no,no,no,yes,yes,no,2,5,5,5,5,5,10,11,13,13,1,0,0,1,1,0,3,2,4,4,2,0,2,1,1,1,0,1,1,1,0,0,1,2,5,5,5,5,5,0,1,1,1,127.0
MS,M,19,R,GT3,T,1,1,other,services,home,other,3,2,3,no,no,no,no,yes,yes,yes,no,5,4,4,3,3,2,8,8,7,8,1,0,1,1,1,0,1,1,4,2,0,2,3,2,3,1,1,1,1,0,0,0,1,5,4,4,3,3,2,0,0,0,0,322.0
MS,M,17,U,GT3,T,3,3,health,other,course,mother,2,2,0,no,yes,yes,no,yes,yes,yes,no,4,5,4,2,3,3,2,13,13,13,1,0,0,0,1,0,3,3,1,4,2,0,2,2,0,1,0,0,1,0,0,0,1,4,5,4,2,3,3,0,1,1,1,128.0
MS,M,18,U,LE3,T,1,3,at_home,services,course,mother,1,1,1,no,no,no,no,yes,no,yes,yes,4,3,3,2,3,3,7,8,7,8,1,0,0,0,0,0,1,3,3,2,2,0,1,1,1,1,1,1,1,0,1,0,0,4,3,3,2,3,3,0,0,0,0,323.0
MS,M,19,R,GT3,T,1,1,other,other,home,other,3,1,1,no,yes,no,no,yes,yes,yes,no,4,4,4,3,3,5,4,8,8,8,1,0,1,1,1,0,1,1,4,4,0,2,3,1,1,1,0,1,1,0,0,0,1,4,4,4,3,3,5,0,0,0,0,324.0
MS,M,17,R,GT3,T,4,3,services,other,home,mother,2,2,0,no,yes,yes,yes,no,yes,yes,yes,4,5,5,1,3,2,4,13,11,11,1,0,0,1,1,0,4,3,2,4,0,0,2,2,0,1,0,0,0,1,0,0,0,4,5,5,1,3,2,0,1,1,1,206.0
MS,F,18,U,GT3,T,3,3,services,services,course,father,1,2,0,no,yes,no,no,yes,yes,no,yes,5,3,4,1,1,5,0,10,9,9,1,1,0,0,1,0,3,3,2,2,2,1,1,2,0,1,0,1,1,0,0,1,0,5,3,4,1,1,5,0,1,0,0,290.0
MS,F,17,R,GT3,T,4,4,teacher,services,other,father,2,2,0,no,yes,yes,yes,yes,yes,yes,no,4,3,3,1,2,5,4,12,13,13,1,1,0,1,1,0,4,4,0,2,3,1,2,2,0,1,0,0,0,0,0,0,1,4,3,3,1,2,5,0,1,1,1,129.0
MS,F,17,U,LE3,A,3,2,services,other,reputation,mother,2,2,0,no,no,no,no,yes,yes,no,yes,1,2,3,1,2,5,2,12,12,11,1,1,0,0,0,1,3,2,2,4,1,0,2,2,0,1,1,1,1,0,0,1,0,1,2,3,1,2,5,0,1,1,1,207.0
MS,M,18,U,LE3,T,1,1,other,services,home,father,2,1,0,no,no,no,no,no,yes,yes,yes,3,3,2,1,2,3,4,10,10,10,1,0,0,0,0,0,1,1,4,2,0,1,2,1,0,1,1,1,1,1,0,0,0,3,3,2,1,2,3,0,1,1,1,256.0
MS,F,18,U,LE3,T,1,1,at_home,services,course,father,2,3,0,no,no,no,no,yes,yes,yes,no,5,3,2,1,1,4,0,18,16,16,1,1,0,0,0,0,1,1,3,2,2,1,2,3,0,1,1,1,1,0,0,0,1,5,3,2,1,1,4,0,1,1,1,39.0
MS,F,18,R,LE3,A,1,4,at_home,other,course,mother,3,2,0,no,no,no,no,yes,yes,no,yes,4,3,4,1,4,5,0,13,13,13,1,1,0,1,0,1,1,4,3,4,2,0,3,2,0,1,1,1,1,0,0,1,0,4,3,4,1,4,5,0,1,1,1,130.0
MS,M,18,R,LE3,T,1,1,at_home,other,other,mother,2,2,1,no,no,no,yes,no,no,no,no,4,4,3,2,3,5,2,13,12,12,1,0,0,1,0,0,1,1,3,4,3,0,2,2,1,1,1,1,0,1,1,1,1,4,4,3,2,3,5,0,1,1,1,160.0
MS,F,18,U,GT3,T,3,3,services,services,other,mother,2,2,0,no,yes,no,no,yes,yes,yes,yes,4,3,2,1,3,3,0,11,11,10,1,1,0,0,1,0,3,3,2,2,3,0,2,2,0,1,0,1,1,0,0,0,0,4,3,2,1,3,3,0,1,1,1,257.0
MS,F,17,U,LE3,T,4,4,at_home,at_home,course,mother,1,2,0,no,yes,yes,yes,yes,yes,yes,yes,2,3,4,1,1,1,0,16,15,15,1,1,0,0,0,0,4,4,3,3,2,0,1,2,0,1,0,0,0,0,0,0,0,2,3,4,1,1,1,0,1,1,1,71.0
MS,F,17,R,GT3,T,1,2,other,services,course,father,2,2,0,no,no,no,no,no,yes,no,no,3,2,2,1,2,3,0,12,11,12,1,1,0,1,1,0,1,2,4,2,2,1,2,2,0,1,1,1,1,1,0,1,1,3,2,2,1,2,3,0,1,1,1,161.0
MS,M,18,R,GT3,T,1,3,at_home,other,course,mother,2,2,0,no,yes,yes,no,yes,yes,no,no,3,3,4,2,4,3,4,10,10,10,1,0,0,1,1,0,1,3,3,4,2,0,2,2,0,1,0,0,1,0,0,1,1,3,3,4,2,4,3,0,1,1,1,258.0
MS,M,18,U,LE3,T,4,4,teacher,services,other,mother,2,3,0,no,no,yes,no,yes,yes,yes,yes,4,2,2,2,2,5,0,13,13,13,1,0,0,0,0,0,4,4,0,2,3,0,2,3,0,1,1,0,1,0,0,0,0,4,2,2,2,2,5,0,1,1,1,131.0
MS,F,17,R,GT3,T,1,1,other,services,reputation,mother,3,1,1,no,yes,yes,no,yes,yes,yes,yes,5,2,1,1,2,1,0,7,6,0,1,1,0,1,1,0,1,1,4,2,1,0,3,1,1,1,0,0,1,0,0,0,0,5,2,1,1,2,1,0,0,0,0,392.0
MS,F,18,U,GT3,T,2,3,at_home,services,course,father,2,1,0,no,yes,yes,no,yes,yes,yes,yes,5,2,3,1,2,4,0,11,10,10,1,1,0,0,1,0,2,3,3,2,2,1,2,1,0,1,0,0,1,0,0,0,0,5,2,3,1,2,4,0,1,1,1,259.0
MS,F,18,R,GT3,T,4,4,other,teacher,other,father,3,2,0,no,yes,yes,no,no,yes,yes,yes,3,2,2,4,2,5,10,14,12,11,1,1,0,1,1,0,4,4,4,0,3,1,3,2,0,1,0,0,1,1,0,0,0,3,2,2,4,2,5,0,1,1,1,208.0
MS,F,19,U,LE3,T,3,2,services,services,home,other,2,2,2,no,no,no,yes,yes,yes,no,yes,3,2,2,1,1,3,4,7,7,9,1,1,1,0,0,0,3,2,2,2,0,2,2,2,2,1,1,1,0,0,0,1,0,3,2,2,1,1,3,0,0,0,0,291.0
MS,M,18,R,LE3,T,1,2,at_home,services,other,father,3,1,0,no,yes,yes,yes,yes,no,yes,yes,4,3,3,2,3,3,3,14,12,12,1,0,0,1,0,0,1,2,3,2,3,1,3,1,0,1,0,0,0,0,1,0,0,4,3,3,2,3,3,0,1,1,1,162.0
MS,F,17,U,GT3,T,2,2,other,at_home,home,mother,1,3,0,no,no,no,yes,yes,yes,no,yes,3,4,3,1,1,3,8,13,11,11,1,1,0,0,1,0,2,2,4,3,0,0,1,3,0,1,1,1,0,0,0,1,0,3,4,3,1,1,3,0,1,1,1,209.0
MS,F,17,R,GT3,T,1,2,other,other,course,mother,1,1,0,no,no,no,yes,yes,yes,yes,no,3,5,5,1,3,1,14,6,5,5,1,1,0,1,1,0,1,2,4,4,2,0,1,1,0,1,1,1,0,0,0,0,1,3,5,5,1,3,1,0,0,0,0,355.0
MS,F,18,R,LE3,T,4,4,other,other,reputation,mother,2,3,0,no,no,no,no,yes,yes,yes,no,5,4,4,1,1,1,0,19,18,19,1,1,0,1,0,0,4,4,4,4,1,0,2,3,0,1,1,1,1,0,0,0,1,5,4,4,1,1,1,0,1,1,1,6.0
MS,F,18,R,GT3,T,1,1,other,other,home,mother,4,3,0,no,no,no,no,yes,yes,yes,no,4,3,2,1,2,4,2,8,8,10,1,1,0,1,1,0,1,1,4,4,0,0,4,3,0,1,1,1,1,0,0,0,1,4,3,2,1,2,4,0,0,0,1,260.0
MS,F,20,U,GT3,T,4,2,health,other,course,other,2,3,2,no,yes,yes,no,no,yes,yes,yes,5,4,3,1,1,3,4,15,14,15,1,1,1,0,1,0,4,2,1,4,2,2,2,3,2,1,0,0,1,1,0,0,0,5,4,3,1,1,3,0,1,1,1,72.0
MS,F,18,R,LE3,T,4,4,teacher,services,course,mother,1,2,0,no,no,yes,yes,yes,yes,yes,no,5,4,3,3,4,2,4,8,9,10,1,1,0,1,0,0,4,4,0,2,2,0,1,2,0,1,1,0,0,0,0,0,1,5,4,3,3,4,2,0,0,0,1,261.0
MS,F,18,U,GT3,T,3,3,other,other,home,mother,1,2,0,no,no,yes,no,yes,yes,yes,yes,4,1,3,1,2,1,0,15,15,15,1,1,0,0,1,0,3,3,4,4,0,0,1,2,0,1,1,0,1,0,0,0,0,4,1,3,1,2,1,0,1,1,1,73.0
MS,F,17,R,GT3,T,3,1,at_home,other,reputation,mother,1,2,0,no,yes,yes,yes,no,yes,yes,no,4,5,4,2,3,1,17,10,10,10,1,1,0,1,1,0,3,1,3,4,1,0,1,2,0,1,0,0,0,1,0,0,1,4,5,4,2,3,1,0,1,1,1,262.0
MS,M,18,U,GT3,T,4,4,teacher,teacher,home,father,1,2,0,no,no,yes,yes,no,yes,yes,no,3,2,4,1,4,2,4,15,14,14,1,0,0,0,1,0,4,4,0,0,0,1,1,2,0,1,1,0,0,1,0,0,1,3,2,4,1,4,2,0,1,1,1,100.0
MS,M,18,R,GT3,T,2,1,other,other,other,mother,2,1,0,no,no,no,yes,no,yes,yes,yes,4,4,3,1,3,5,5,7,6,7,1,0,0,1,1,0,2,1,4,4,3,0,2,1,0,1,1,1,0,1,0,0,0,4,4,3,1,3,5,0,0,0,0,333.0
MS,M,17,U,GT3,T,2,3,other,services,home,father,2,2,0,no,no,no,yes,yes,yes,yes,no,4,4,3,1,1,3,2,11,11,10,1,0,0,0,1,0,2,3,4,2,0,1,2,2,0,1,1,1,0,0,0,0,1,4,4,3,1,1,3,0,1,1,1,263.0
MS,M,19,R,GT3,T,1,1,other,services,other,mother,2,1,1,no,no,no,no,yes,yes,no,no,4,3,2,1,3,5,0,6,5,0,1,0,1,1,1,0,1,1,4,2,3,0,2,1,1,1,1,1,1,0,0,1,1,4,3,2,1,3,5,0,0,0,0,393.0
MS,M,18,R,GT3,T,4,2,other,other,home,father,2,1,1,no,no,yes,no,yes,yes,no,no,5,4,3,4,3,3,14,6,5,5,1,0,0,1,1,0,4,2,4,4,0,1,2,1,1,1,1,0,1,0,0,1,1,5,4,3,4,3,3,0,0,0,0,356.0
MS,F,18,R,GT3,T,2,2,at_home,other,other,mother,2,3,0,no,no,yes,no,yes,yes,no,no,5,3,3,1,3,4,2,10,9,10,1,1,0,1,1,0,2,2,3,4,3,0,2,3,0,1,1,0,1,0,0,1,1,5,3,3,1,3,4,0,1,0,1,264.0
MS,F,18,R,GT3,T,4,4,teacher,at_home,reputation,mother,3,1,0,no,yes,yes,yes,yes,yes,yes,yes,4,4,3,2,2,5,7,6,5,6,1,1,0,1,1,0,4,4,0,3,1,0,3,1,0,1,0,0,0,0,0,0,0,4,4,3,2,2,5,0,0,0,0,349.0
MS,F,19,R,GT3,T,2,3,services,other,course,mother,1,3,1,no,no,no,yes,no,yes,yes,no,5,4,2,1,2,5,0,7,5,0,1,1,1,1,1,0,2,3,2,4,2,0,1,3,1,1,1,1,0,1,0,0,1,5,4,2,1,2,5,0,0,0,0,394.0
MS,F,18,U,LE3,T,3,1,teacher,services,course,mother,1,2,0,no,yes,yes,no,yes,yes,yes,no,4,3,4,1,1,1,0,7,9,8,1,1,0,0,0,0,3,1,0,2,2,0,1,2,0,1,0,0,1,0,0,0,1,4,3,4,1,1,1,0,0,0,0,325.0
MS,F,18,U,GT3,T,1,1,other,other,course,mother,2,2,1,no,no,no,yes,yes,yes,no,no,1,1,1,1,1,5,0,6,5,0,1,1,0,0,1,0,1,1,4,4,2,0,2,2,1,1,1,1,0,0,0,1,1,1,1,1,1,1,5,0,0,0,0,395.0
MS,M,20,U,LE3,A,2,2,services,services,course,other,1,2,2,no,yes,yes,no,yes,yes,no,no,5,5,4,4,5,4,11,9,9,9,1,0,1,0,0,1,2,2,2,2,2,2,1,2,2,1,0,0,1,0,0,1,1,5,5,4,4,5,4,0,0,0,0,292.0
MS,M,17,U,LE3,T,3,1,services,services,course,mother,2,1,0,no,no,no,no,no,yes,yes,no,2,4,5,3,4,2,3,14,16,16,1,0,0,0,0,0,3,1,2,2,2,0,2,1,0,1,1,1,1,1,0,0,1,2,4,5,3,4,2,0,1,1,1,40.0
MS,M,21,R,GT3,T,1,1,other,other,course,other,1,1,3,no,no,no,no,no,yes,no,no,5,5,3,3,3,3,3,10,8,7,1,0,1,1,1,0,1,1,4,4,2,2,1,1,3,1,1,1,1,1,0,1,1,5,5,3,3,3,3,0,1,0,0,334.0
MS,M,18,R,LE3,T,3,2,services,other,course,mother,3,1,0,no,no,no,no,no,yes,yes,no,4,4,1,3,4,5,0,11,12,10,1,0,0,1,0,0,3,2,2,4,2,0,3,1,0,1,1,1,1,1,0,0,1,4,4,1,3,4,5,0,1,1,1,265.0
MS,M,19,U,LE3,T,1,1,other,at_home,course,father,1,1,0,no,no,no,no,yes,yes,yes,no,3,2,3,3,3,5,5,8,9,9,1,0,1,0,0,0,1,1,4,3,2,1,1,1,0,1,1,1,1,0,0,0,1,3,2,3,3,3,5,0,0,0,0,293.0
